,ticker,last_date_in_db,last_date_retrieved,records_retrieved,records_updated,status,loop_time,capture_date
0,A,2023-11-30,2024-01-12,62,20,succesful_update,1.15,2024-01-15
1,AA,2023-11-30,2024-01-12,62,20,succesful_update,1.01,2024-01-15
2,AAP,2023-11-30,2024-01-12,62,20,succesful_update,1.02,2024-01-15
3,AAPL,2023-11-30,2024-01-12,62,20,succesful_update,1.07,2024-01-15
4,AAWW,2023-03-17,1980-12-31,0,0,failed_no_data,1.6,2024-01-15
5,ABBV,2023-11-30,2024-01-12,62,20,succesful_update,1.05,2024-01-15
6,ABC,2023-08-29,1980-12-31,0,0,failed_no_data,0.84,2024-01-15
7,ABCB,2023-11-30,2024-01-12,62,20,succesful_update,1.06,2024-01-15
8,ABG,2023-11-30,2024-01-12,62,20,succesful_update,1.03,2024-01-15
9,ABM,2023-11-30,2024-01-12,62,20,succesful_update,1.07,2024-01-15
10,ABR,2023-11-30,2024-01-12,62,20,succesful_update,1.07,2024-01-15
11,ABT,2023-11-30,2024-01-12,62,20,succesful_update,1.22,2024-01-15
12,ACA,2023-11-30,2024-01-12,62,20,succesful_update,1.02,2024-01-15
13,ACGL,2023-11-30,2024-01-12,62,20,succesful_update,1.21,2024-01-15
14,ACGLN,2023-11-30,2024-01-12,62,20,succesful_update,1.16,2024-01-15
15,ACGLO,2023-11-30,2024-01-12,62,20,succesful_update,1.08,2024-01-15
16,ACHC,2023-11-30,2024-01-12,62,20,succesful_update,1.04,2024-01-15
17,ACIW,2023-11-30,2024-01-12,62,20,succesful_update,1.03,2024-01-15
18,ADBE,2023-11-30,2024-01-12,62,20,succesful_update,1.05,2024-01-15
19,ADC,2023-11-30,2024-01-12,62,20,succesful_update,1.07,2024-01-15
20,ADI,2023-11-30,2024-01-12,62,20,succesful_update,1.01,2024-01-15
21,ADM,2023-11-30,2024-01-12,62,20,succesful_update,1.02,2024-01-15
22,ADNT,2023-11-30,2024-01-12,62,20,succesful_update,1.15,2024-01-15
23,ADP,2023-11-30,2024-01-12,62,20,succesful_update,1.1,2024-01-15
24,ADS,2022-02-28,1980-12-31,0,0,failed_no_data,0.85,2024-01-15
25,ADSK,2023-11-30,2024-01-12,62,20,succesful_update,1.03,2024-01-15
26,ADT,2023-11-30,2024-01-12,62,20,succesful_update,1.04,2024-01-15
27,AEE,2023-11-30,2024-01-12,62,20,succesful_update,1.04,2024-01-15
28,AEL,2023-11-30,2024-01-12,62,20,succesful_update,1.04,2024-01-15
29,AEO,2023-11-30,2024-01-12,62,20,succesful_update,1.03,2024-01-15
30,AEP,2023-11-30,2024-01-12,62,20,succesful_update,1.0,2024-01-15
31,AEPPL,2022-03-14,1980-12-31,0,0,failed_no_data,0.99,2024-01-15
32,AEPPZ,2023-08-14,1980-12-31,0,0,failed_no_data,0.99,2024-01-15
33,AES,2023-11-30,2024-01-12,62,20,succesful_update,1.07,2024-01-15
34,AESC,2023-11-30,2024-01-12,62,20,succesful_update,1.09,2024-01-15
35,AFG,2023-11-30,2024-01-12,62,20,succesful_update,1.03,2024-01-15
36,AFGB,2023-11-30,2024-01-12,62,20,succesful_update,1.03,2024-01-15
37,AFGC,2023-11-30,2024-01-12,62,20,succesful_update,1.05,2024-01-15
38,AFGD,2023-11-30,2024-01-12,62,20,succesful_update,1.14,2024-01-15
39,AFGE,2023-11-30,2024-01-12,62,20,succesful_update,1.05,2024-01-15
40,AFIN,2022-01-31,1980-12-31,0,0,failed_no_data,0.85,2024-01-15
41,AFINO,2022-02-14,1980-12-31,0,0,failed_no_data,0.96,2024-01-15
42,AFINP,2022-02-14,1980-12-31,0,0,failed_no_data,0.95,2024-01-15
43,AFL,2023-11-30,2024-01-12,62,20,succesful_update,1.04,2024-01-15
44,AGCO,2023-11-30,2024-01-12,62,20,succesful_update,1.02,2024-01-15
45,AGNC,2023-11-30,2024-01-12,62,20,succesful_update,1.01,2024-01-15
46,AGNCM,2023-11-30,2024-01-12,62,20,succesful_update,1.01,2024-01-15
47,AGNCN,2023-11-30,2024-01-12,62,20,succesful_update,1.01,2024-01-15
48,AGNCO,2023-11-30,2024-01-12,62,20,succesful_update,1.03,2024-01-15
49,AGNCP,2023-11-30,2024-01-12,62,20,succesful_update,1.05,2024-01-15
50,AGO,2023-11-30,2024-01-12,62,20,succesful_update,1.01,2024-01-15
51,AGR,2023-11-30,2024-01-12,62,20,succesful_update,1.01,2024-01-15
52,AHCO,2023-11-30,2024-01-12,62,20,succesful_update,1.02,2024-01-15
53,AIG,2023-11-30,2024-01-12,62,20,succesful_update,1.02,2024-01-15
54,AIMC,2023-03-24,1980-12-31,0,0,failed_no_data,0.96,2024-01-15
55,AIRC,2023-11-30,2024-01-12,62,20,succesful_update,1.06,2024-01-15
56,AIZ,2023-11-30,2024-01-12,62,20,succesful_update,1.04,2024-01-15
57,AIZN,2023-11-30,2024-01-12,62,20,succesful_update,1.12,2024-01-15
58,AJG,2023-11-30,2024-01-12,62,20,succesful_update,1.03,2024-01-15
59,AKAM,2023-11-30,2024-01-12,62,20,succesful_update,1.02,2024-01-15
60,AKR,2023-11-30,2024-01-12,62,20,succesful_update,1.01,2024-01-15
61,AL,2023-11-30,2024-01-12,62,20,succesful_update,1.01,2024-01-15
62,ALB,2023-11-30,2024-01-12,62,20,succesful_update,1.02,2024-01-15
63,ALE,2023-11-30,2024-01-12,62,20,succesful_update,1.03,2024-01-15
64,ALGN,2023-11-30,2024-01-12,62,20,succesful_update,1.04,2024-01-15
65,ALGT,2023-11-30,2024-01-12,62,20,succesful_update,1.07,2024-01-15
66,ALIT,2023-11-30,2024-01-12,62,20,succesful_update,1.0,2024-01-15
67,ALK,2023-11-30,2024-01-12,62,20,succesful_update,1.04,2024-01-15
68,ALL,2023-11-30,2024-01-12,62,20,succesful_update,1.02,2024-01-15
69,ALLY,2023-11-30,2024-01-12,62,20,succesful_update,1.01,2024-01-15
70,ALV,2023-11-30,2024-01-12,62,20,succesful_update,1.03,2024-01-15
71,AM,2023-11-30,2024-01-12,62,20,succesful_update,1.03,2024-01-15
72,AMAT,2023-11-30,2024-01-12,62,20,succesful_update,1.06,2024-01-15
73,AMCR,2023-11-30,2024-01-12,62,20,succesful_update,1.01,2024-01-15
74,AMCX,2023-11-30,2024-01-12,62,20,succesful_update,1.04,2024-01-15
75,AMD,2023-11-30,2024-01-12,62,20,succesful_update,1.06,2024-01-15
76,AME,2023-11-30,2024-01-12,62,20,succesful_update,1.1,2024-01-15
77,AMGN,2023-11-30,2024-01-12,62,20,succesful_update,1.09,2024-01-15
78,AMH,2023-11-30,2024-01-12,62,20,succesful_update,1.06,2024-01-15
79,AMKR,2023-11-30,2024-01-12,62,20,succesful_update,1.05,2024-01-15
80,AMP,2023-11-30,2024-01-12,62,20,succesful_update,1.09,2024-01-15
81,AMT,2023-11-30,2024-01-12,62,20,succesful_update,1.03,2024-01-15
82,AMZN,2023-11-30,2024-01-12,62,20,succesful_update,1.08,2024-01-15
83,AN,2023-11-30,2024-01-12,62,20,succesful_update,1.07,2024-01-15
84,ANDE,2023-11-30,2024-01-12,62,20,succesful_update,1.02,2024-01-15
85,ANET,2023-11-30,2024-01-12,62,20,succesful_update,1.06,2024-01-15
86,ANSS,2023-11-30,2024-01-12,62,20,succesful_update,1.0,2024-01-15
87,ANTM,2022-06-27,1980-12-31,0,0,failed_no_data,0.84,2024-01-15
88,AOS,2023-11-30,2024-01-12,62,20,succesful_update,1.03,2024-01-15
89,APA,2023-11-30,2024-01-12,62,20,succesful_update,1.14,2024-01-15
90,APA,2023-11-30,1980-12-31,62,20,failed_push_to_db,1.13,2024-01-15
91,APD,2023-11-30,2024-01-12,62,20,succesful_update,1.06,2024-01-15
92,APH,2023-11-30,2024-01-12,62,20,succesful_update,1.07,2024-01-15
93,APLE,2023-11-30,2024-01-12,62,20,succesful_update,1.09,2024-01-15
94,APO,2023-11-30,2024-01-12,62,20,succesful_update,1.15,2024-01-15
95,APO,2023-11-30,1980-12-31,62,20,failed_push_to_db,1.1,2024-01-15
96,APTV,2023-11-30,2024-01-12,62,20,succesful_update,1.18,2024-01-15
97,AR,2023-11-30,2024-01-12,62,20,succesful_update,1.08,2024-01-15
98,ARE,2023-11-30,2024-01-12,62,20,succesful_update,1.14,2024-01-15
99,ARES,2023-11-30,2024-01-12,62,20,succesful_update,1.13,2024-01-15
100,ARI,2023-11-30,2024-01-12,62,20,succesful_update,1.13,2024-01-15
101,ARMK,2023-11-30,2024-01-12,62,20,succesful_update,1.05,2024-01-15
102,ARNC,2023-08-17,1980-12-31,0,0,failed_no_data,0.95,2024-01-15
103,ARNC,2023-08-17,1980-12-31,0,0,failed_no_data,0.96,2024-01-15
104,ARR,2023-11-30,2024-01-12,62,20,succesful_update,1.04,2024-01-15
105,ARW,2023-11-30,2024-01-12,62,20,succesful_update,1.11,2024-01-15
106,ASB,2023-11-30,2024-01-12,62,20,succesful_update,1.09,2024-01-15
107,ASGN,2023-11-30,2024-01-12,62,20,succesful_update,1.04,2024-01-15
108,ASH,2023-11-30,2024-01-12,62,20,succesful_update,1.03,2024-01-15
109,ATGE,2023-11-30,2024-01-12,62,20,succesful_update,1.05,2024-01-15
110,ATH,2021-12-31,1980-12-31,0,0,failed_no_data,1.65,2024-01-15
111,ATI,2023-11-30,2024-01-12,62,20,succesful_update,1.09,2024-01-15
112,ATO,2023-11-30,2024-01-12,62,20,succesful_update,1.04,2024-01-15
113,ATR,2023-11-30,2024-01-12,62,20,succesful_update,1.05,2024-01-15
114,ATSG,2023-11-30,2024-01-12,62,20,succesful_update,1.13,2024-01-15
115,ATVI,2023-10-12,1980-12-31,0,0,failed_no_data,1.02,2024-01-15
116,AUB,2023-11-30,2024-01-12,62,20,succesful_update,1.05,2024-01-15
117,AUBAP,2023-01-17,1980-12-31,0,0,failed_no_data,0.97,2024-01-15
118,AVA,2023-11-30,2024-01-12,62,20,succesful_update,1.02,2024-01-15
119,AVB,2023-11-30,2024-01-12,62,20,succesful_update,1.04,2024-01-15
120,AVGO,2023-11-30,2024-01-12,62,20,succesful_update,1.05,2024-01-15
121,AVGOP,2022-09-29,1980-12-31,0,0,failed_no_data,0.96,2024-01-15
122,AVNT,2023-11-30,2024-01-12,62,20,succesful_update,1.03,2024-01-15
123,AVT,2023-11-30,2024-01-12,62,20,succesful_update,1.01,2024-01-15
124,AVY,2023-11-30,2024-01-12,62,20,succesful_update,1.12,2024-01-15
125,AWK,2023-11-30,2024-01-12,62,20,succesful_update,1.02,2024-01-15
126,AXP,2023-11-30,2024-01-12,62,20,succesful_update,1.03,2024-01-15
127,AXS,2023-11-30,2024-01-12,62,20,succesful_update,1.02,2024-01-15
128,AXTA,2023-11-30,2024-01-12,62,20,succesful_update,1.01,2024-01-15
129,AZTA,2023-11-30,2024-01-12,62,20,succesful_update,1.03,2024-01-15
130,BA,2023-11-30,2024-01-12,62,20,succesful_update,1.02,2024-01-15
131,BAC,2023-11-30,2024-01-12,62,20,succesful_update,1.02,2024-01-15
132,BAH,2023-11-30,2024-01-12,62,20,succesful_update,1.02,2024-01-15
133,BALY,2023-11-30,2024-01-12,62,20,succesful_update,1.01,2024-01-15
134,BATRA,2023-11-30,2024-01-12,62,20,succesful_update,1.04,2024-01-15
135,BATRK,2023-11-30,2024-01-12,62,20,succesful_update,1.0,2024-01-15
136,BAX,2023-11-30,2024-01-12,62,20,succesful_update,1.03,2024-01-15
137,BBY,2023-11-30,2024-01-12,62,20,succesful_update,1.03,2024-01-15
138,BC,2023-11-30,2024-01-12,62,20,succesful_update,1.01,2024-01-15
139,BCC,2023-11-30,2024-01-12,62,20,succesful_update,1.08,2024-01-15
140,BCEI,2021-10-01,1980-12-31,0,0,failed_no_data,0.82,2024-01-15
141,BDN,2023-11-30,2024-01-12,62,20,succesful_update,1.03,2024-01-15
142,BDX,2023-11-30,2024-01-12,62,20,succesful_update,1.01,2024-01-15
143,BDXB,2023-05-31,1980-12-31,0,0,failed_no_data,0.96,2024-01-15
144,BECN,2023-11-30,2024-01-12,62,20,succesful_update,1.01,2024-01-15
145,BEN,2023-11-30,2024-01-12,62,20,succesful_update,1.05,2024-01-15
146,BERY,2023-11-30,2024-01-12,62,20,succesful_update,1.65,2024-01-15
147,BFAM,2023-11-30,2024-01-12,62,20,succesful_update,1.04,2024-01-15
148,BFH,2023-11-30,2024-01-12,62,20,succesful_update,1.03,2024-01-15
149,BG,2023-11-30,2024-01-12,62,20,succesful_update,1.04,2024-01-15
150,BGNE,2023-11-30,2024-01-12,62,20,succesful_update,1.01,2024-01-15
151,BGS,2023-11-30,2024-01-12,62,20,succesful_update,1.02,2024-01-15
152,BHC,2023-11-30,2024-01-12,62,20,succesful_update,1.01,2024-01-15
153,BHF,2023-11-30,2024-01-12,62,20,succesful_update,1.01,2024-01-15
154,BHFAL,2023-11-30,2024-01-12,62,20,succesful_update,1.03,2024-01-15
155,BHFAM,2023-11-30,2024-01-12,62,20,succesful_update,1.0,2024-01-15
156,BHFAN,2023-11-30,2024-01-12,62,20,succesful_update,1.05,2024-01-15
157,BHFAO,2023-11-30,2024-01-12,62,20,succesful_update,1.02,2024-01-15
158,BHFAP,2023-11-30,2024-01-12,62,20,succesful_update,1.01,2024-01-15
159,BIIB,2023-11-30,2024-01-12,62,20,succesful_update,1.07,2024-01-15
160,BILL,2023-11-30,2024-01-12,62,20,succesful_update,1.01,2024-01-15
161,BIO,2023-11-30,2024-01-12,62,20,succesful_update,1.04,2024-01-15
162,BIOS,2023-10-06,1980-12-31,0,0,failed_no_data,0.96,2024-01-15
163,BK,2023-11-30,2024-01-12,62,20,succesful_update,1.03,2024-01-15
164,BKH,2023-11-30,2024-01-12,62,20,succesful_update,1.14,2024-01-15
165,BKI,2023-09-01,1980-12-31,0,0,failed_no_data,0.95,2024-01-15
166,BKNG,2023-11-30,2024-01-12,62,20,succesful_update,1.05,2024-01-15
167,BKR,2023-11-30,2024-01-12,62,20,succesful_update,1.01,2024-01-15
168,BKU,2023-11-30,2024-01-12,62,20,succesful_update,1.03,2024-01-15
169,BLD,2023-11-30,2024-01-12,62,20,succesful_update,1.09,2024-01-15
170,BLDR,2023-11-30,2024-01-12,62,20,succesful_update,1.05,2024-01-15
171,BLK,2023-11-30,2024-01-12,62,20,succesful_update,1.01,2024-01-15
172,BLL,2022-05-09,1980-12-31,0,0,failed_no_data,0.96,2024-01-15
173,BMRN,2023-11-30,2024-01-12,62,20,succesful_update,1.01,2024-01-15
174,BMY,2023-11-30,2024-01-12,62,20,succesful_update,1.04,2024-01-15
175,BNL,2023-11-30,2024-01-12,62,20,succesful_update,1.01,2024-01-15
176,BOKF,2023-11-30,2024-01-12,62,20,succesful_update,1.03,2024-01-15
177,BPOP,2023-11-30,2024-01-12,62,20,succesful_update,1.01,2024-01-15
178,BPOPM,2023-11-30,2024-01-11,50,16,succesful_update,1.24,2024-01-15
179,BR,2023-11-30,2024-01-12,62,20,succesful_update,1.05,2024-01-15
180,BRKS,2021-11-30,1980-12-31,0,0,failed_no_data,0.82,2024-01-15
181,BRO,2023-11-30,2024-01-12,62,20,succesful_update,1.01,2024-01-15
182,BRSP,2023-11-30,2024-01-12,62,20,succesful_update,1.04,2024-01-15
183,BRX,2023-11-30,2024-01-12,62,20,succesful_update,1.13,2024-01-15
184,BSX,2023-11-30,2024-01-12,62,20,succesful_update,1.12,2024-01-15
185,BURL,2023-11-30,2024-01-12,62,20,succesful_update,1.23,2024-01-15
186,BWA,2023-11-30,2024-01-12,62,20,succesful_update,1.04,2024-01-15
187,BX,2023-11-30,2024-01-12,62,20,succesful_update,1.02,2024-01-15
188,BXMT,2023-11-30,2024-01-12,62,20,succesful_update,1.04,2024-01-15
189,BXP,2023-11-30,2024-01-12,62,20,succesful_update,1.03,2024-01-15
190,BYD,2023-11-30,2024-01-12,62,20,succesful_update,1.0,2024-01-15
191,C,2023-11-30,2024-01-12,62,20,succesful_update,1.02,2024-01-15
192,CABO,2023-11-30,2024-01-12,62,20,succesful_update,1.03,2024-01-15
193,CACI,2023-11-30,2024-01-12,62,20,succesful_update,1.14,2024-01-15
194,CAG,2023-11-30,2024-01-12,62,20,succesful_update,1.0,2024-01-15
195,CAH,2023-11-30,2024-01-12,62,20,succesful_update,1.01,2024-01-15
196,CARR,2023-11-30,2024-01-12,62,20,succesful_update,1.01,2024-01-15
197,CASY,2023-11-30,2024-01-12,62,20,succesful_update,1.03,2024-01-15
198,CAT,2023-11-30,2024-01-12,62,20,succesful_update,1.03,2024-01-15
199,CATY,2023-11-30,2024-01-12,62,20,succesful_update,1.02,2024-01-15
200,CB,2023-11-30,2024-01-12,62,20,succesful_update,1.02,2024-01-15
201,CBRE,2023-11-30,2024-01-12,62,20,succesful_update,1.02,2024-01-15
202,CBSH,2023-11-30,2024-01-12,62,20,succesful_update,1.03,2024-01-15
203,CBT,2023-11-30,2024-01-12,62,20,succesful_update,1.02,2024-01-15
204,CC,2023-11-30,2024-01-12,62,20,succesful_update,1.04,2024-01-15
205,CCI,2023-11-30,2024-01-12,62,20,succesful_update,1.0,2024-01-15
206,CCK,2023-11-30,2024-01-12,62,20,succesful_update,1.03,2024-01-15
207,CCL,2023-11-30,2024-01-12,62,20,succesful_update,1.01,2024-01-15
208,CCS,2023-11-30,2024-01-12,62,20,succesful_update,1.02,2024-01-15
209,CCZ,2023-11-29,2023-12-28,14,9,succesful_update,0.99,2024-01-15
210,CDAY,2023-11-30,2024-01-12,62,20,succesful_update,1.01,2024-01-15
211,CDEV,2022-01-31,1980-12-31,0,0,failed_no_data,0.84,2024-01-15
212,CDNS,2023-11-30,2024-01-12,62,20,succesful_update,1.03,2024-01-15
213,CDW,2023-11-30,2024-01-12,62,20,succesful_update,1.05,2024-01-15
214,CE,2023-11-30,2024-01-12,62,20,succesful_update,1.05,2024-01-15
215,CENT,2023-11-30,2024-01-12,62,20,succesful_update,1.03,2024-01-15
216,CENTA,2023-11-30,2024-01-12,62,20,succesful_update,1.02,2024-01-15
217,CEQP,2023-11-02,2023-11-02,14,0,succesful_update,0.97,2024-01-15
218,CF,2023-11-30,2024-01-12,62,20,succesful_update,1.03,2024-01-15
219,CFG,2023-11-30,2024-01-12,62,20,succesful_update,1.01,2024-01-15
220,CFR,2023-11-30,2024-01-12,62,20,succesful_update,1.02,2024-01-15
221,CFX,2022-02-28,1980-12-31,0,0,failed_no_data,0.82,2024-01-15
222,CFXA,2022-01-14,1980-12-31,0,0,failed_no_data,0.96,2024-01-15
223,CG,2023-11-30,2024-01-12,62,20,succesful_update,1.21,2024-01-15
224,CGABL,2023-11-30,2024-01-12,62,20,succesful_update,1.02,2024-01-15
225,CHD,2023-11-30,2024-01-12,62,20,succesful_update,1.02,2024-01-15
226,CHK,2023-11-30,2024-01-12,62,20,succesful_update,1.01,2024-01-15
227,CHKEZ,2023-11-22,2024-01-11,16,2,succesful_update,1.03,2024-01-15
228,CHRW,2023-11-30,2024-01-12,62,20,succesful_update,1.11,2024-01-15
229,CHTR,2023-11-30,2024-01-12,62,20,succesful_update,1.32,2024-01-15
230,CHX,2023-11-30,2024-01-12,62,20,succesful_update,1.07,2024-01-15
231,CI,2023-11-30,2024-01-12,62,20,succesful_update,1.04,2024-01-15
232,CIEN,2023-11-30,2024-01-12,62,20,succesful_update,1.03,2024-01-15
233,CIM,2023-11-30,2024-01-12,62,20,succesful_update,1.03,2024-01-15
234,CINF,2023-11-30,2024-01-12,62,20,succesful_update,1.02,2024-01-15
235,CL,2023-11-30,2024-01-12,62,20,succesful_update,1.04,2024-01-15
236,CLF,2023-11-30,2024-01-12,62,20,succesful_update,1.03,2024-01-15
237,CLH,2023-11-30,2024-01-12,62,20,succesful_update,1.05,2024-01-15
238,CLI,2021-11-30,1980-12-31,0,0,failed_no_data,0.82,2024-01-15
239,CLNC,2021-11-30,1980-12-31,0,0,failed_no_data,0.82,2024-01-15
240,CLNY,2021-06-02,1980-12-31,0,0,failed_no_data,0.84,2024-01-15
241,CLR,2022-11-22,1980-12-31,0,0,failed_no_data,0.98,2024-01-15
242,CLVT,2023-11-30,2024-01-12,62,20,succesful_update,1.06,2024-01-15
243,CLX,2023-11-30,2024-01-12,62,20,succesful_update,1.1,2024-01-15
244,CMA,2023-11-30,2024-01-12,62,20,succesful_update,1.02,2024-01-15
245,CMCSA,2023-11-30,2024-01-12,62,20,succesful_update,1.01,2024-01-15
246,CME,2023-11-30,2024-01-12,62,20,succesful_update,1.02,2024-01-15
247,CMG,2023-11-30,2024-01-12,62,20,succesful_update,1.03,2024-01-15
248,CMI,2023-11-30,2024-01-12,62,20,succesful_update,1.03,2024-01-15
249,CMS,2023-11-30,2024-01-12,62,20,succesful_update,1.01,2024-01-15
250,CMSA,2023-11-30,2024-01-12,62,20,succesful_update,1.0,2024-01-15
251,CMSC,2023-11-30,2024-01-12,62,20,succesful_update,1.01,2024-01-15
252,CMSD,2023-11-30,2024-01-12,62,20,succesful_update,1.23,2024-01-15
253,CNA,2023-11-30,2024-01-12,62,20,succesful_update,1.07,2024-01-15
254,CNC,2023-11-30,2024-01-12,62,20,succesful_update,1.02,2024-01-15
255,CNDT,2023-11-30,2024-01-12,62,20,succesful_update,1.16,2024-01-15
256,CNNE,2023-11-30,2024-01-12,62,20,succesful_update,1.05,2024-01-15
257,CNO,2023-11-30,2024-01-12,62,20,succesful_update,1.3,2024-01-15
258,CNP,2023-11-30,2024-01-12,62,20,succesful_update,1.22,2024-01-15
259,CNR,2021-12-01,1980-12-31,0,0,failed_no_data,0.99,2024-01-15
260,CNX,2023-11-30,2024-01-12,62,20,succesful_update,1.06,2024-01-15
261,CODI,2023-11-30,2024-01-12,62,20,succesful_update,1.07,2024-01-15
262,COF,2023-11-30,2024-01-12,62,20,succesful_update,1.02,2024-01-15
263,COG,2021-10-01,1980-12-31,0,0,failed_no_data,0.95,2024-01-15
264,COLB,2023-11-30,2024-01-12,62,20,succesful_update,1.02,2024-01-15
265,COLD,2023-11-30,2024-01-12,62,20,succesful_update,1.0,2024-01-15
266,COLM,2023-11-30,2024-01-12,62,20,succesful_update,1.07,2024-01-15
267,COMM,2023-11-30,2024-01-12,62,20,succesful_update,1.08,2024-01-15
268,COO,2023-11-30,2024-01-12,62,20,succesful_update,1.26,2024-01-15
269,COOP,2023-11-30,2024-01-12,62,20,succesful_update,1.08,2024-01-15
270,COP,2023-11-30,2024-01-12,62,20,succesful_update,1.12,2024-01-15
271,COTY,2023-11-30,2024-01-12,62,20,succesful_update,1.08,2024-01-15
272,CP,2023-11-30,2024-01-12,62,20,succesful_update,1.02,2024-01-15
273,CPB,2023-11-30,2024-01-12,62,20,succesful_update,1.03,2024-01-15
274,CPE,2023-11-30,2024-01-12,62,20,succesful_update,1.02,2024-01-15
275,CPRI,2023-11-30,2024-01-12,62,20,succesful_update,1.03,2024-01-15
276,CPRT,2023-11-30,2024-01-12,62,20,succesful_update,1.14,2024-01-15
277,CPT,2023-11-30,2024-01-12,62,20,succesful_update,1.07,2024-01-15
278,CR,2023-11-30,2024-01-12,62,20,succesful_update,1.04,2024-01-15
279,CRC,2023-11-30,2024-01-12,62,20,succesful_update,1.01,2024-01-15
280,CREE,2021-06-02,1980-12-31,0,0,failed_no_data,0.96,2024-01-15
281,CRL,2023-11-30,2024-01-12,62,20,succesful_update,1.04,2024-01-15
282,CRM,2023-11-30,2024-01-12,62,20,succesful_update,1.37,2024-01-15
283,CRS,2023-11-30,2024-01-12,62,20,succesful_update,1.32,2024-01-15
284,CRSP,2023-11-30,2024-01-12,61,20,succesful_update,1.08,2024-01-15
285,CRWD,2023-11-30,2024-01-12,62,20,succesful_update,1.3,2024-01-15
286,CSCO,2023-11-30,2024-01-12,62,20,succesful_update,1.53,2024-01-15
287,CSGP,2023-11-30,2024-01-12,62,20,succesful_update,1.75,2024-01-15
288,CSL,2023-11-30,2024-01-12,62,20,succesful_update,1.41,2024-01-15
289,CSX,2023-11-30,2024-01-12,62,20,succesful_update,1.15,2024-01-15
290,CTAS,2023-11-30,2024-01-12,62,20,succesful_update,1.03,2024-01-15
291,CTL,2021-12-01,1980-12-31,0,0,failed_no_data,0.96,2024-01-15
292,CTLT,2023-11-30,2024-01-12,62,20,succesful_update,1.1,2024-01-15
293,CTRA,2023-11-30,2024-01-12,62,20,succesful_update,1.03,2024-01-15
294,CTSH,2023-11-30,2024-01-12,62,20,succesful_update,1.09,2024-01-15
295,CTVA,2023-11-30,2024-01-12,62,20,succesful_update,1.0,2024-01-15
296,CTXS,2021-12-01,1980-12-31,0,0,failed_no_data,0.95,2024-01-15
297,CUBE,2023-11-30,2024-01-12,62,20,succesful_update,1.01,2024-01-15
298,CUZ,2023-11-30,2024-01-12,62,20,succesful_update,1.05,2024-01-15
299,CVET,2022-10-12,1980-12-31,0,0,failed_no_data,1.17,2024-01-15
300,CVNA,2023-11-30,2024-01-12,62,20,succesful_update,1.09,2024-01-15
301,CVS,2023-11-30,2024-01-12,62,20,succesful_update,2.03,2024-01-15
302,CVX,2023-11-30,2024-01-12,62,20,succesful_update,1.2,2024-01-15
303,CW,2023-11-30,2024-01-12,62,20,succesful_update,1.41,2024-01-15
304,CWEN,2023-11-30,2024-01-12,62,20,succesful_update,1.12,2024-01-15
305,CWK,2023-11-30,2024-01-12,62,20,succesful_update,1.07,2024-01-15
306,CWT,2023-11-30,2024-01-12,62,20,succesful_update,1.19,2024-01-15
307,CXW,2023-11-30,2024-01-12,62,20,succesful_update,1.26,2024-01-15
308,CZR,2023-11-30,2024-01-12,62,20,succesful_update,1.15,2024-01-15
309,D,2023-11-30,2024-01-12,62,20,succesful_update,1.07,2024-01-15
310,DAL,2023-11-30,2024-01-12,62,20,succesful_update,1.25,2024-01-15
311,DAN,2023-11-30,2024-01-12,62,20,succesful_update,1.04,2024-01-15
312,DAR,2023-11-30,2024-01-12,62,20,succesful_update,1.15,2024-01-15
313,DBRG,2023-11-30,2024-01-12,62,20,succesful_update,1.56,2024-01-15
314,DCP,2023-06-14,1980-12-31,0,0,failed_no_data,1.14,2024-01-15
315,DCUE,2022-05-31,1980-12-31,0,0,failed_no_data,1.59,2024-01-15
316,DD,2023-11-30,2024-01-12,62,20,succesful_update,1.65,2024-01-15
317,DDS,2023-11-30,2024-01-12,62,20,succesful_update,1.11,2024-01-15
318,DDT,2023-11-30,2024-01-12,62,20,succesful_update,1.2,2024-01-15
319,DE,2023-11-30,2024-01-12,62,20,succesful_update,1.81,2024-01-15
320,DEA,2023-11-30,2024-01-12,62,20,succesful_update,1.94,2024-01-15
321,DECK,2023-11-30,2024-01-12,62,20,succesful_update,1.52,2024-01-15
322,DEI,2023-11-30,2024-01-12,62,20,succesful_update,1.81,2024-01-15
323,DELL,2023-11-30,2024-01-12,62,20,succesful_update,1.92,2024-01-15
324,DFS,2023-11-30,2024-01-12,62,20,succesful_update,1.15,2024-01-15
325,DG,2023-11-30,2024-01-12,62,20,succesful_update,1.52,2024-01-15
326,DGX,2023-11-30,2024-01-12,62,20,succesful_update,1.07,2024-01-15
327,DHC,2023-11-30,2024-01-12,62,20,succesful_update,1.07,2024-01-15
328,DHCNL,2023-11-30,2024-01-12,62,20,succesful_update,1.28,2024-01-15
329,DHI,2023-11-30,2024-01-12,62,20,succesful_update,1.32,2024-01-15
330,DHR,2023-11-30,2024-01-12,62,20,succesful_update,1.02,2024-01-15
331,DIS,2023-11-30,2024-01-12,62,20,succesful_update,1.34,2024-01-15
332,DISCA,2022-02-28,1980-12-31,0,0,failed_no_data,0.91,2024-01-15
333,DISCB,2022-04-08,1980-12-31,0,0,failed_no_data,1.22,2024-01-15
334,DISCK,2022-04-08,1980-12-31,0,0,failed_no_data,1.01,2024-01-15
335,DISH,2023-11-30,2023-12-29,53,20,succesful_update,1.05,2024-01-15
336,DK,2023-11-30,2024-01-12,62,20,succesful_update,1.1,2024-01-15
337,DKNG,2023-11-30,2024-01-12,62,20,succesful_update,1.08,2024-01-15
338,DKS,2023-11-30,2024-01-12,62,20,succesful_update,1.2,2024-01-15
339,DLB,2023-11-30,2024-01-12,62,20,succesful_update,1.22,2024-01-15
340,DLR,2023-11-30,2024-01-12,62,20,succesful_update,1.2,2024-01-15
341,DLTR,2023-11-30,2024-01-12,62,20,succesful_update,1.48,2024-01-15
342,DOC,2023-11-30,2024-01-12,62,20,succesful_update,1.34,2024-01-15
343,DOV,2023-11-30,2024-01-12,62,20,succesful_update,1.29,2024-01-15
344,DOW,2023-11-30,2024-01-12,62,20,succesful_update,1.28,2024-01-15
345,DRE,2022-09-30,1980-12-31,0,0,failed_no_data,1.48,2024-01-15
346,DRH,2023-11-30,2024-01-12,62,20,succesful_update,1.33,2024-01-15
347,DRI,2023-11-30,2024-01-12,62,20,succesful_update,1.62,2024-01-15
348,DTB,2023-11-30,2024-01-12,62,20,succesful_update,1.17,2024-01-15
349,DTE,2023-11-30,2024-01-12,62,20,succesful_update,1.17,2024-01-15
350,DTG,2023-11-30,2024-01-12,62,20,succesful_update,1.07,2024-01-15
351,DTP,2022-10-31,1980-12-31,0,0,failed_no_data,1.1,2024-01-15
352,DTW,2023-11-30,2024-01-12,62,20,succesful_update,1.04,2024-01-15
353,DTY,2021-12-14,1980-12-31,0,0,failed_no_data,0.96,2024-01-15
354,DUK,2023-11-30,2024-01-12,62,20,succesful_update,1.17,2024-01-15
355,DUKB,2023-11-30,2024-01-12,62,20,succesful_update,1.01,2024-01-15
356,DVA,2023-11-30,2024-01-12,62,20,succesful_update,1.06,2024-01-15
357,DVN,2023-11-30,2024-01-12,62,20,succesful_update,1.03,2024-01-15
358,DXC,2023-11-30,2024-01-12,62,20,succesful_update,1.07,2024-01-15
359,DXCM,2023-11-30,2024-01-12,62,20,succesful_update,1.03,2024-01-15
360,EA,2023-11-30,2024-01-12,62,20,succesful_update,1.02,2024-01-15
361,EBAY,2023-11-30,2024-01-12,62,20,succesful_update,1.01,2024-01-15
362,EBC,2023-11-30,2024-01-12,62,20,succesful_update,1.01,2024-01-15
363,EBS,2023-11-30,2024-01-12,62,20,succesful_update,1.01,2024-01-15
364,ECL,2023-11-30,2024-01-12,62,20,succesful_update,0.99,2024-01-15
365,ED,2023-11-30,2024-01-12,62,20,succesful_update,1.01,2024-01-15
366,EFC,2023-11-30,2024-01-12,62,20,succesful_update,1.07,2024-01-15
367,EFX,2023-11-30,2024-01-12,62,20,succesful_update,1.1,2024-01-15
368,EGP,2023-11-30,2024-01-12,62,20,succesful_update,1.06,2024-01-15
369,EHC,2023-11-30,2024-01-12,62,20,succesful_update,1.06,2024-01-15
370,EIX,2023-11-30,2024-01-12,62,20,succesful_update,1.12,2024-01-15
371,EL,2023-11-30,2024-01-12,62,20,succesful_update,1.05,2024-01-15
372,ELAN,2023-11-30,2024-01-12,62,20,succesful_update,1.06,2024-01-15
373,ELAT,2023-01-31,1980-12-31,0,0,failed_no_data,0.98,2024-01-15
374,ELS,2023-11-30,2024-01-12,62,20,succesful_update,1.06,2024-01-15
375,ELY,2022-09-06,1980-12-31,0,0,failed_no_data,1.02,2024-01-15
376,EME,2023-11-30,2024-01-12,62,20,succesful_update,1.02,2024-01-15
377,EMN,2023-11-30,2024-01-12,62,20,succesful_update,1.14,2024-01-15
378,EMR,2023-11-30,2024-01-12,62,20,succesful_update,1.03,2024-01-15
379,ENB,2023-11-30,2024-01-12,62,20,succesful_update,1.01,2024-01-15
380,ENBA,2023-04-14,1980-12-31,0,0,failed_no_data,0.97,2024-01-15
381,ENOV,2023-11-30,2024-01-12,62,20,succesful_update,1.1,2024-01-15
382,ENS,2023-11-30,2024-01-12,62,20,succesful_update,1.22,2024-01-15
383,ENTG,2023-11-30,2024-01-12,62,20,succesful_update,1.01,2024-01-15
384,EOG,2023-11-30,2024-01-12,62,20,succesful_update,1.01,2024-01-15
385,EPAM,2023-11-30,2024-01-12,62,20,succesful_update,1.02,2024-01-15
386,EPC,2023-11-30,2024-01-12,62,20,succesful_update,1.01,2024-01-15
387,EPD,2023-11-30,2024-01-12,62,20,succesful_update,1.01,2024-01-15
388,EPR,2023-11-30,2024-01-12,62,20,succesful_update,1.01,2024-01-15
389,EPRT,2023-11-30,2024-01-12,62,20,succesful_update,0.99,2024-01-15
390,EQC,2023-11-30,2024-01-12,62,20,succesful_update,1.04,2024-01-15
391,EQH,2023-11-30,2024-01-12,62,20,succesful_update,1.05,2024-01-15
392,EQIX,2023-11-30,2024-01-12,62,20,succesful_update,1.06,2024-01-15
393,EQR,2023-11-30,2024-01-12,62,20,succesful_update,1.04,2024-01-15
394,EQT,2023-11-30,2024-01-12,62,20,succesful_update,1.02,2024-01-15
395,ES,2023-11-30,2024-01-12,62,20,succesful_update,1.02,2024-01-15
396,ESBA,2023-11-30,2024-01-12,59,19,succesful_update,1.03,2024-01-15
397,ESGR,2023-11-30,2024-01-12,62,20,succesful_update,1.0,2024-01-15
398,ESGRO,2023-11-30,2024-01-12,62,20,succesful_update,1.0,2024-01-15
399,ESGRP,2023-11-30,2024-01-12,62,20,succesful_update,1.01,2024-01-15
400,ESI,2023-11-30,2024-01-12,62,20,succesful_update,1.02,2024-01-15
401,ESRT,2023-11-30,2024-01-12,62,20,succesful_update,1.27,2024-01-15
402,ESS,2023-11-30,2024-01-12,62,20,succesful_update,1.01,2024-01-15
403,ET,2023-11-30,2024-01-12,62,20,succesful_update,1.02,2024-01-15
404,ETN,2023-11-30,2024-01-12,62,20,succesful_update,1.05,2024-01-15
405,ETR,2023-11-30,2024-01-12,62,20,succesful_update,1.21,2024-01-15
406,ETRN,2023-11-30,2024-01-12,62,20,succesful_update,1.34,2024-01-15
407,EVRG,2023-11-30,2024-01-12,62,20,succesful_update,1.12,2024-01-15
408,EW,2023-11-30,2024-01-12,62,20,succesful_update,1.08,2024-01-15
409,EWBC,2023-11-30,2024-01-12,62,20,succesful_update,1.15,2024-01-15
410,EXAS,2023-11-30,2024-01-12,62,20,succesful_update,1.04,2024-01-15
411,EXC,2023-11-30,2024-01-12,62,20,succesful_update,1.02,2024-01-15
412,EXEL,2023-11-30,2024-01-12,62,20,succesful_update,1.18,2024-01-15
413,EXPD,2023-11-30,2024-01-12,62,20,succesful_update,1.04,2024-01-15
414,EXPE,2023-11-30,2024-01-12,62,20,succesful_update,1.07,2024-01-15
415,EXR,2023-11-30,2024-01-12,62,20,succesful_update,1.01,2024-01-15
416,F,2023-11-30,2024-01-12,62,20,succesful_update,1.09,2024-01-15
417,FAF,2023-11-30,2024-01-12,62,20,succesful_update,1.12,2024-01-15
418,FANG,2023-11-30,2024-01-12,62,20,succesful_update,1.04,2024-01-15
419,FAST,2023-11-30,2024-01-12,62,20,succesful_update,1.02,2024-01-15
420,FBC,2022-11-30,1980-12-31,0,0,failed_no_data,0.96,2024-01-15
421,FBHS,2022-12-15,1980-12-31,0,0,failed_no_data,0.83,2024-01-15
422,FBIN,2023-11-30,2024-01-12,62,20,succesful_update,1.06,2024-01-15
423,FCFS,2023-11-30,2024-01-12,62,20,succesful_update,2.26,2024-01-15
424,FCN,2023-11-30,2024-01-12,62,20,succesful_update,1.05,2024-01-15
425,FCNCA,2023-11-30,2024-01-12,62,20,succesful_update,1.07,2024-01-15
426,FCNCP,2023-11-30,2024-01-12,62,20,succesful_update,1.01,2024-01-15
427,FCX,2023-11-30,2024-01-12,62,20,succesful_update,1.01,2024-01-15
428,FDP,2023-11-30,2024-01-12,62,20,succesful_update,1.01,2024-01-15
429,FDS,2023-11-30,2024-01-12,62,20,succesful_update,1.02,2024-01-15
430,FDX,2023-11-30,2024-01-12,62,20,succesful_update,1.02,2024-01-15
431,FE,2023-11-30,2024-01-12,62,20,succesful_update,1.02,2024-01-15
432,FEYE,2021-10-04,1980-12-31,0,0,failed_no_data,0.83,2024-01-15
433,FFIV,2023-11-30,2024-01-12,62,20,succesful_update,1.01,2024-01-15
434,FHB,2023-11-30,2024-01-12,62,20,succesful_update,1.02,2024-01-15
435,FHN,2023-11-30,2024-01-12,62,20,succesful_update,1.01,2024-01-15
436,FIBK,2023-11-30,2024-01-12,62,20,succesful_update,1.2,2024-01-15
437,FIS,2023-11-30,2024-01-12,62,20,succesful_update,1.04,2024-01-15
438,FISK,2023-11-29,2024-01-10,31,10,succesful_update,0.99,2024-01-15
439,FISV,2023-06-06,1980-12-31,0,0,failed_no_data,0.97,2024-01-15
440,FITB,2023-11-30,2024-01-12,62,20,succesful_update,1.03,2024-01-15
441,FITBI,2023-11-30,2024-01-12,62,20,succesful_update,1.02,2024-01-15
442,FITBO,2023-11-30,2024-01-12,62,20,succesful_update,1.01,2024-01-15
443,FITBP,2023-11-30,2024-01-12,62,20,succesful_update,1.02,2024-01-15
444,FL,2023-11-30,2024-01-12,62,20,succesful_update,1.02,2024-01-15
445,FLEX,2023-11-30,2024-01-12,62,20,succesful_update,1.02,2024-01-15
446,FLO,2023-11-30,2024-01-12,62,20,succesful_update,1.01,2024-01-15
447,FLR,2023-11-30,2024-01-12,62,20,succesful_update,1.03,2024-01-15
448,FLS,2023-11-30,2024-01-12,62,20,succesful_update,1.01,2024-01-15
449,FLT,2023-11-30,2024-01-12,62,20,succesful_update,1.01,2024-01-15
450,FMC,2023-11-30,2024-01-12,62,20,succesful_update,0.99,2024-01-15
451,FNB,2023-11-30,2024-01-12,62,20,succesful_update,1.24,2024-01-15
452,FND,2023-11-30,2024-01-12,62,20,succesful_update,1.01,2024-01-15
453,FNF,2023-11-30,2024-01-12,62,20,succesful_update,1.01,2024-01-15
454,FOX,2023-11-30,2024-01-12,62,20,succesful_update,1.04,2024-01-15
455,FOXA,2023-11-30,2024-01-12,62,20,succesful_update,1.0,2024-01-15
456,FR,2023-10-31,2024-01-12,62,41,succesful_update,1.01,2024-01-15
457,FRT,2023-10-31,2024-01-12,62,41,succesful_update,1.03,2024-01-15
458,FSLR,2023-11-30,2024-01-12,62,20,succesful_update,1.01,2024-01-15
459,FTI,2023-11-30,2024-01-12,62,20,succesful_update,1.02,2024-01-15
460,FTV,2023-11-30,2024-01-12,62,20,succesful_update,0.99,2024-01-15
461,FUL,2023-11-30,2024-01-12,62,20,succesful_update,1.01,2024-01-15
462,FULT,2023-11-30,2024-01-12,62,20,succesful_update,1.02,2024-01-15
463,FULTP,2023-11-30,2024-01-12,62,20,succesful_update,0.99,2024-01-15
464,FWONA,2023-11-30,2024-01-12,62,20,succesful_update,1.0,2024-01-15
465,FWONK,2023-11-30,2024-01-12,62,20,succesful_update,1.03,2024-01-15
466,FYBR,2023-11-30,2024-01-12,62,20,succesful_update,1.01,2024-01-15
467,G,2023-11-30,2024-01-12,62,20,succesful_update,1.01,2024-01-15
468,GATX,2023-11-30,2024-01-12,62,20,succesful_update,1.02,2024-01-15
469,GBCI,2023-11-30,2024-01-12,62,20,succesful_update,1.23,2024-01-15
470,GD,2023-11-30,2024-01-12,62,20,succesful_update,1.01,2024-01-15
471,GE,2023-11-30,2024-01-12,62,20,succesful_update,1.03,2024-01-15
472,GEF,2023-11-30,2024-01-12,62,20,succesful_update,1.01,2024-01-15
473,GEL,2023-11-30,2024-01-12,62,20,succesful_update,1.14,2024-01-15
474,GEO,2023-11-30,2024-01-12,62,20,succesful_update,1.01,2024-01-15
475,GGG,2023-11-30,2024-01-12,62,20,succesful_update,1.01,2024-01-15
476,GHC,2023-11-30,2024-01-12,62,20,succesful_update,1.03,2024-01-15
477,GIII,2023-11-30,2024-01-12,62,20,succesful_update,1.11,2024-01-15
478,GILD,2023-11-30,2024-01-12,62,20,succesful_update,1.04,2024-01-15
479,GIS,2023-11-30,2024-01-12,62,20,succesful_update,1.0,2024-01-15
480,GL,2023-11-30,2024-01-12,62,20,succesful_update,1.04,2024-01-15
481,GLPI,2023-11-30,2024-01-12,62,20,succesful_update,1.02,2024-01-15
482,GLW,2023-11-30,2024-01-12,62,20,succesful_update,1.0,2024-01-15
483,GM,2023-11-30,2024-01-12,62,20,succesful_update,1.04,2024-01-15
484,GME,2023-11-30,2024-01-12,62,20,succesful_update,1.03,2024-01-15
485,GMS,2023-11-30,2024-01-12,62,20,succesful_update,1.02,2024-01-15
486,GNL,2023-11-30,2024-01-12,62,20,succesful_update,1.02,2024-01-15
487,GNRC,2023-11-30,2024-01-12,62,20,succesful_update,1.02,2024-01-15
488,GNTX,2023-11-30,2024-01-12,62,20,succesful_update,1.02,2024-01-15
489,GNW,2023-11-30,2024-01-12,62,20,succesful_update,1.01,2024-01-15
490,GOOG,2023-11-30,2024-01-12,62,20,succesful_update,0.99,2024-01-15
491,GOOGL,2023-11-30,2024-01-12,62,20,succesful_update,1.02,2024-01-15
492,GPC,2023-11-30,2024-01-12,62,20,succesful_update,0.99,2024-01-15
493,GPI,2023-11-30,2024-01-12,62,20,succesful_update,1.01,2024-01-15
494,GPK,2023-11-30,2024-01-12,62,20,succesful_update,1.03,2024-01-15
495,GPMT,2023-11-30,2024-01-12,62,20,succesful_update,1.0,2024-01-15
496,GPN,2023-11-30,2024-01-12,62,20,succesful_update,1.03,2024-01-15
497,GPS,2023-11-30,2024-01-12,62,20,succesful_update,1.02,2024-01-15
498,GRMN,2023-11-30,2024-01-12,62,20,succesful_update,1.06,2024-01-15
499,GS,2023-11-30,2024-01-12,62,20,succesful_update,1.02,2024-01-15
500,GT,2023-11-30,2024-01-12,62,20,succesful_update,1.05,2024-01-15
501,GTLS,2023-11-30,2024-01-12,62,20,succesful_update,1.07,2024-01-15
502,GTN,2023-11-30,2024-01-12,62,20,succesful_update,1.11,2024-01-15
503,GWW,2023-11-30,2024-01-12,62,20,succesful_update,1.06,2024-01-15
504,GXO,2023-11-30,2024-01-12,62,20,succesful_update,1.09,2024-01-15
505,H,2023-11-30,2024-01-12,62,20,succesful_update,1.01,2024-01-15
506,HAL,2023-11-30,2024-01-12,62,20,succesful_update,1.0,2024-01-15
507,HAS,2023-11-30,2024-01-12,62,20,succesful_update,1.03,2024-01-15
508,HASI,2023-11-30,2024-01-12,62,20,succesful_update,1.02,2024-01-15
509,HBAN,2023-11-30,2024-01-12,62,20,succesful_update,1.03,2024-01-15
510,HBANM,2023-11-30,2024-01-12,62,20,succesful_update,1.01,2024-01-15
511,HBANP,2023-11-30,2024-01-12,62,20,succesful_update,1.01,2024-01-15
512,HBI,2023-11-30,2024-01-12,62,20,succesful_update,1.01,2024-01-15
513,HCA,2023-11-30,2024-01-12,62,20,succesful_update,1.02,2024-01-15
514,HD,2023-11-30,2024-01-12,62,20,succesful_update,1.15,2024-01-15
515,HE,2023-11-30,2024-01-12,62,20,succesful_update,2.11,2024-01-15
516,HEI,2023-11-30,2024-01-12,62,20,succesful_update,1.15,2024-01-15
517,HELE,2023-11-30,2024-01-12,62,20,succesful_update,1.03,2024-01-15
518,HES,2023-11-30,2024-01-12,62,20,succesful_update,1.1,2024-01-15
519,HGH,2022-04-18,1980-12-31,0,0,failed_no_data,1.02,2024-01-15
520,HGV,2023-11-30,2024-01-12,62,20,succesful_update,1.79,2024-01-15
521,HHC,2023-08-10,1980-12-31,0,0,failed_no_data,1.23,2024-01-15
522,HI,2023-11-30,2024-01-12,62,20,succesful_update,1.21,2024-01-15
523,HIG,2023-11-30,2024-01-12,62,20,succesful_update,1.22,2024-01-15
524,HII,2023-11-30,2024-01-12,62,20,succesful_update,1.13,2024-01-15
525,HIW,2023-11-30,2024-01-12,62,20,succesful_update,1.09,2024-01-15
526,HL,2023-11-30,2024-01-12,62,20,succesful_update,1.02,2024-01-15
527,HOG,2023-11-30,2024-01-12,62,20,succesful_update,1.04,2024-01-15
528,HOLX,2023-11-30,2024-01-12,62,20,succesful_update,1.11,2024-01-15
529,HOMB,2023-11-30,2024-01-12,62,20,succesful_update,1.07,2024-01-15
530,HON,2023-11-30,2024-01-12,62,20,succesful_update,1.02,2024-01-15
531,HOPE,2023-11-30,2024-01-12,62,20,succesful_update,1.28,2024-01-15
532,HOUS,2023-11-30,2024-01-12,62,20,succesful_update,1.04,2024-01-15
533,HP,2023-11-30,2024-01-12,62,20,succesful_update,1.04,2024-01-15
534,HPE,2023-11-30,2024-01-12,62,20,succesful_update,1.01,2024-01-15
535,HPP,2023-11-30,2024-01-12,62,20,succesful_update,1.01,2024-01-15
536,HQY,2023-11-30,2024-01-12,62,20,succesful_update,1.01,2024-01-15
537,HRI,2023-11-30,2024-01-12,62,20,succesful_update,1.02,2024-01-15
538,HRL,2023-11-30,2024-01-12,62,20,succesful_update,1.02,2024-01-15
539,HSIC,2023-11-30,2024-01-12,62,20,succesful_update,1.05,2024-01-15
540,HST,2023-11-30,2024-01-12,62,20,succesful_update,1.01,2024-01-15
541,HSY,2023-11-30,2024-01-12,62,20,succesful_update,1.01,2024-01-15
542,HTA,2022-07-20,1980-12-31,0,0,failed_no_data,0.83,2024-01-15
543,HTZ,2023-11-30,2024-01-12,62,20,succesful_update,1.04,2024-01-15
544,HUBB,2023-11-30,2024-01-12,62,20,succesful_update,1.01,2024-01-15
545,HUBG,2023-11-30,2024-01-12,62,20,succesful_update,1.02,2024-01-15
546,HUM,2023-11-30,2024-01-12,62,20,succesful_update,1.86,2024-01-15
547,HUN,2023-11-30,2024-01-12,62,20,succesful_update,1.77,2024-01-15
548,HWC,2023-11-30,2024-01-12,62,20,succesful_update,1.13,2024-01-15
549,HWCPZ,2023-11-30,2024-01-12,62,20,succesful_update,1.17,2024-01-15
550,HWM,2023-11-30,2024-01-12,62,20,succesful_update,1.64,2024-01-15
551,HXL,2023-11-30,2024-01-12,62,20,succesful_update,1.52,2024-01-15
552,HZNP,2023-10-05,1980-12-31,0,0,failed_no_data,3.92,2024-01-15
553,IAC,2023-11-30,2024-01-12,62,20,succesful_update,2.43,2024-01-15
554,IART,2023-11-30,2024-01-12,62,20,succesful_update,1.03,2024-01-15
555,IBKR,2023-11-30,2024-01-12,62,20,succesful_update,1.9,2024-01-15
556,IBM,2023-11-30,2024-01-12,62,20,succesful_update,1.23,2024-01-15
557,IBTX,2023-11-30,2024-01-12,62,20,succesful_update,3.31,2024-01-15
558,ICE,2023-11-30,2024-01-12,62,20,succesful_update,1.59,2024-01-15
559,ICUI,2023-11-30,2024-01-12,62,20,succesful_update,1.57,2024-01-15
560,IDA,2023-11-30,2024-01-12,62,20,succesful_update,2.98,2024-01-15
561,IEP,2023-11-30,2024-01-12,62,20,succesful_update,1.48,2024-01-15
562,IEX,2023-11-30,2024-01-12,62,20,succesful_update,1.68,2024-01-15
563,IFF,2023-11-30,2024-01-12,62,20,succesful_update,2.63,2024-01-15
564,IHRT,2023-11-30,2024-01-12,62,20,succesful_update,1.4,2024-01-15
565,IIVI,2023-06-30,1980-12-31,0,0,failed_no_data,1.1,2024-01-15
566,IIVIP,2023-06-30,1980-12-31,0,0,failed_no_data,1.36,2024-01-15
567,ILMN,2023-11-30,2024-01-12,62,20,succesful_update,1.1,2024-01-15
568,ILPT,2023-11-30,2024-01-12,62,20,succesful_update,1.13,2024-01-15
569,IMO,2023-11-30,2024-01-12,62,20,succesful_update,1.05,2024-01-15
570,INCY,2023-11-30,2024-01-12,62,20,succesful_update,1.06,2024-01-15
571,INDB,2023-11-30,2024-01-12,62,20,succesful_update,1.07,2024-01-15
572,INGR,2023-11-30,2024-01-12,62,20,succesful_update,1.04,2024-01-15
573,INN,2023-11-30,2024-01-12,62,20,succesful_update,1.27,2024-01-15
574,INT,2023-06-15,1980-12-31,0,0,failed_no_data,0.84,2024-01-15
575,INTC,2023-11-30,2024-01-12,62,20,succesful_update,1.04,2024-01-15
576,INTU,2023-11-30,2024-01-12,62,20,succesful_update,1.04,2024-01-15
577,INVH,2023-11-30,2024-01-12,62,20,succesful_update,2.16,2024-01-15
578,IP,2023-11-30,2024-01-12,62,20,succesful_update,1.02,2024-01-15
579,IPG,2023-11-30,2024-01-12,62,20,succesful_update,1.03,2024-01-15
580,IPGP,2023-11-30,2024-01-12,62,20,succesful_update,1.07,2024-01-15
581,IQV,2023-11-30,2024-01-12,62,20,succesful_update,1.02,2024-01-15
582,IR,2023-11-30,2024-01-12,62,20,succesful_update,1.01,2024-01-15
583,IR,2023-11-30,1980-12-31,62,20,failed_push_to_db,1.03,2024-01-15
584,IRM,2023-11-30,2024-01-12,62,20,succesful_update,1.04,2024-01-15
585,IRT,2023-11-30,2024-01-12,62,20,succesful_update,1.03,2024-01-15
586,ISRG,2023-11-30,2024-01-12,62,20,succesful_update,1.12,2024-01-15
587,ITGR,2023-11-30,2024-01-12,62,20,succesful_update,1.03,2024-01-15
588,ITT,2023-11-30,2024-01-12,62,20,succesful_update,1.02,2024-01-15
589,ITW,2023-11-30,2024-01-12,62,20,succesful_update,1.02,2024-01-15
590,IVR,2023-11-30,2024-01-12,62,20,succesful_update,1.01,2024-01-15
591,IVZ,2023-11-30,2024-01-12,62,20,succesful_update,1.01,2024-01-15
592,J,2023-11-30,2024-01-12,62,20,succesful_update,1.02,2024-01-15
593,JAZZ,2023-11-30,2024-01-12,62,20,succesful_update,1.03,2024-01-15
594,JBGS,2023-11-30,2024-01-12,62,20,succesful_update,0.99,2024-01-15
595,JBHT,2023-11-30,2024-01-12,62,20,succesful_update,1.0,2024-01-15
596,JBL,2023-11-30,2024-01-12,62,20,succesful_update,1.01,2024-01-15
597,JBLU,2023-11-30,2024-01-12,62,20,succesful_update,1.01,2024-01-15
598,JCI,2023-11-30,2024-01-12,62,20,succesful_update,1.02,2024-01-15
599,JCOM,2021-10-04,1980-12-31,0,0,failed_no_data,0.83,2024-01-15
600,JEF,2023-11-30,2024-01-12,62,20,succesful_update,1.0,2024-01-15
601,JLL,2023-11-30,2024-01-12,62,20,succesful_update,1.01,2024-01-15
602,JNJ,2023-11-30,2024-01-12,62,20,succesful_update,1.03,2024-01-15
603,JNPR,2023-11-30,2024-01-12,62,20,succesful_update,1.51,2024-01-15
604,JPM,2023-11-30,2024-01-12,62,20,succesful_update,1.93,2024-01-15
605,JSM,2023-11-30,2024-01-12,62,20,succesful_update,1.34,2024-01-15
606,JSM,2023-11-30,1980-12-31,62,20,failed_push_to_db,2.62,2024-01-15
607,JWN,2023-11-30,2024-01-12,62,20,succesful_update,1.86,2024-01-15
608,K,2023-11-30,2024-01-12,62,20,succesful_update,1.32,2024-01-15
609,KAR,2023-11-30,2024-01-12,62,20,succesful_update,1.2,2024-01-15
610,KBR,2023-11-30,2024-01-12,62,20,succesful_update,1.02,2024-01-15
611,KDP,2023-11-30,2024-01-12,62,20,succesful_update,1.02,2024-01-15
612,KEX,2023-11-30,2024-01-12,62,20,succesful_update,1.06,2024-01-15
613,KEY,2023-11-30,2024-01-12,62,20,succesful_update,1.07,2024-01-15
614,KEYS,2023-11-30,2024-01-12,62,20,succesful_update,1.25,2024-01-15
615,KFY,2023-11-30,2024-01-12,62,20,succesful_update,1.32,2024-01-15
616,KHC,2023-11-30,2024-01-12,62,20,succesful_update,1.36,2024-01-15
617,KIM,2023-11-30,2024-01-12,62,20,succesful_update,1.58,2024-01-15
618,KLAC,2023-11-30,2024-01-12,62,20,succesful_update,1.75,2024-01-15
619,KMB,2023-11-30,2024-01-12,62,20,succesful_update,1.06,2024-01-15
620,KMI,2023-11-30,2024-01-12,62,20,succesful_update,1.14,2024-01-15
621,KMPR,2023-11-30,2024-01-12,62,20,succesful_update,1.23,2024-01-15
622,KMX,2023-11-30,2024-01-12,62,20,succesful_update,1.08,2024-01-15
623,KNX,2023-11-30,2024-01-12,62,20,succesful_update,1.07,2024-01-15
624,KO,2023-11-30,2024-01-12,62,20,succesful_update,1.03,2024-01-15
625,KR,2023-11-30,2024-01-12,62,20,succesful_update,1.06,2024-01-15
626,KRC,2023-11-30,2024-01-12,62,20,succesful_update,1.1,2024-01-15
627,KREF,2023-11-30,2024-01-12,62,20,succesful_update,1.01,2024-01-15
628,KRG,2023-11-30,2024-01-12,62,20,succesful_update,1.18,2024-01-15
629,KSS,2023-11-30,2024-01-12,62,20,succesful_update,1.12,2024-01-15
630,KW,2023-11-30,2024-01-12,62,20,succesful_update,1.49,2024-01-15
631,KWR,2023-11-30,2024-01-12,62,20,succesful_update,1.61,2024-01-15
632,L,2023-11-30,2024-01-12,62,20,succesful_update,2.24,2024-01-15
633,LAD,2023-11-30,2024-01-12,62,20,succesful_update,1.68,2024-01-15
634,LADR,2023-11-30,2024-01-12,62,20,succesful_update,1.32,2024-01-15
635,LAMR,2023-11-30,2024-01-12,62,20,succesful_update,1.1,2024-01-15
636,LBRDA,2023-11-30,2024-01-12,62,20,succesful_update,1.04,2024-01-15
637,LBRDK,2023-11-30,2024-01-12,62,20,succesful_update,1.12,2024-01-15
638,LBRDP,2023-11-30,2024-01-12,62,20,succesful_update,1.03,2024-01-15
639,LBTYA,2023-11-30,2024-01-12,62,20,succesful_update,1.03,2024-01-15
640,LBTYB,2023-11-30,2024-01-12,61,19,succesful_update,1.05,2024-01-15
641,LBTYK,2023-11-30,2024-01-12,62,20,succesful_update,1.03,2024-01-15
642,LCID,2023-11-30,2024-01-12,62,20,succesful_update,1.02,2024-01-15
643,LCII,2023-11-30,2024-01-12,62,20,succesful_update,1.02,2024-01-15
644,LDOS,2023-11-30,2024-01-12,62,20,succesful_update,1.04,2024-01-15
645,LEA,2023-11-30,2024-01-12,62,20,succesful_update,1.04,2024-01-15
646,LEG,2023-11-30,2024-01-12,62,20,succesful_update,1.01,2024-01-15
647,LEN,2023-11-30,2024-01-12,62,20,succesful_update,1.03,2024-01-15
648,LEVI,2023-11-30,2024-01-12,62,20,succesful_update,1.01,2024-01-15
649,LFUS,2023-11-30,2024-01-12,62,20,succesful_update,1.01,2024-01-15
650,LGIH,2023-11-30,2024-01-12,62,20,succesful_update,1.03,2024-01-15
651,LH,2023-11-30,2024-01-12,62,20,succesful_update,1.05,2024-01-15
652,LHCG,2023-02-21,1980-12-31,0,0,failed_no_data,1.03,2024-01-15
653,LHX,2023-11-30,2024-01-12,62,20,succesful_update,1.07,2024-01-15
654,LILA,2023-11-30,2024-01-12,62,20,succesful_update,1.05,2024-01-15
655,LILAK,2023-11-30,2024-01-12,62,20,succesful_update,1.01,2024-01-15
656,LIN,2023-11-30,2024-01-12,62,20,succesful_update,1.02,2024-01-15
657,LITE,2023-11-30,2024-01-12,62,20,succesful_update,1.07,2024-01-15
658,LKQ,2023-11-30,2024-01-12,62,20,succesful_update,1.01,2024-01-15
659,LLY,2023-11-30,2024-01-12,62,20,succesful_update,1.03,2024-01-15
660,LMT,2023-11-30,2024-01-12,62,20,succesful_update,1.06,2024-01-15
661,LNC,2023-11-30,2024-01-12,62,20,succesful_update,1.04,2024-01-15
662,LNG,2023-11-30,2024-01-12,62,20,succesful_update,1.02,2024-01-15
663,LNT,2023-11-30,2024-01-12,62,20,succesful_update,1.05,2024-01-15
664,LNW,2023-11-30,2024-01-12,62,20,succesful_update,1.01,2024-01-15
665,LOGI,2023-11-30,2024-01-12,62,20,succesful_update,1.02,2024-01-15
666,LPX,2023-11-30,2024-01-12,62,20,succesful_update,1.02,2024-01-15
667,LRCX,2023-11-30,2024-01-12,62,20,succesful_update,1.03,2024-01-15
668,LSI,2023-07-19,1980-12-31,0,0,failed_no_data,0.98,2024-01-15
669,LSXMA,2023-11-30,2024-01-12,62,20,succesful_update,1.08,2024-01-15
670,LSXMB,2023-11-17,2024-01-12,24,11,succesful_update,1.15,2024-01-15
671,LSXMK,2023-11-30,2024-01-12,62,20,succesful_update,1.19,2024-01-15
672,LULU,2023-11-30,2024-01-12,62,20,succesful_update,1.02,2024-01-15
673,LUMN,2023-11-30,2024-01-12,62,20,succesful_update,1.02,2024-01-15
674,LUV,2023-11-30,2024-01-12,62,20,succesful_update,0.99,2024-01-15
675,LVS,2023-11-30,2024-01-12,62,20,succesful_update,1.07,2024-01-15
676,LXP,2023-11-30,2024-01-12,62,20,succesful_update,1.02,2024-01-15
677,LYB,2023-11-30,2024-01-12,62,20,succesful_update,1.02,2024-01-15
678,LYFT,2023-11-30,2024-01-12,62,20,succesful_update,1.0,2024-01-15
679,LYV,2023-11-30,2024-01-12,62,20,succesful_update,1.02,2024-01-15
680,M,2023-11-30,2024-01-12,62,20,succesful_update,1.02,2024-01-15
681,MA,2023-11-30,2024-01-12,62,20,succesful_update,1.02,2024-01-15
682,MAA,2023-11-30,2024-01-12,62,20,succesful_update,1.14,2024-01-15
683,MAC,2023-11-30,2024-01-12,62,20,succesful_update,1.47,2024-01-15
684,MAN,2023-11-30,2024-01-12,62,20,succesful_update,1.09,2024-01-15
685,MANT,2022-09-13,1980-12-31,0,0,failed_no_data,1.16,2024-01-15
686,MAR,2023-11-30,2024-01-12,62,20,succesful_update,1.04,2024-01-15
687,MAT,2023-11-30,2024-01-12,62,20,succesful_update,1.03,2024-01-15
688,MATX,2023-11-30,2024-01-12,62,20,succesful_update,1.02,2024-01-15
689,MAXR,2023-05-02,1980-12-31,0,0,failed_no_data,1.12,2024-01-15
690,MCHP,2023-11-30,2024-01-12,62,20,succesful_update,1.05,2024-01-15
691,MCK,2023-11-30,2024-01-12,62,20,succesful_update,1.03,2024-01-15
692,MCO,2023-11-30,2024-01-12,62,20,succesful_update,1.0,2024-01-15
693,MDC,2023-11-30,2024-01-12,62,20,succesful_update,1.02,2024-01-15
694,MDLZ,2023-11-30,2024-01-12,62,20,succesful_update,1.05,2024-01-15
695,MDT,2023-11-30,2024-01-12,62,20,succesful_update,1.05,2024-01-15
696,MDU,2023-11-30,2024-01-12,62,20,succesful_update,1.02,2024-01-15
697,MELI,2023-11-30,2024-01-12,62,20,succesful_update,1.05,2024-01-15
698,MET,2023-11-30,2024-01-12,62,20,succesful_update,1.17,2024-01-15
699,META,2023-11-30,2024-01-12,62,20,succesful_update,1.01,2024-01-15
700,MFA,2023-11-30,2024-01-12,62,20,succesful_update,1.02,2024-01-15
701,MGEE,2023-11-30,2024-01-12,62,20,succesful_update,1.03,2024-01-15
702,MGM,2023-11-30,2024-01-12,62,20,succesful_update,1.04,2024-01-15
703,MHK,2023-11-30,2024-01-12,62,20,succesful_update,1.02,2024-01-15
704,MHO,2023-11-30,2024-01-12,62,20,succesful_update,1.11,2024-01-15
705,MIDD,2023-11-30,2024-01-12,62,20,succesful_update,1.11,2024-01-15
706,MIR,2023-11-30,2024-01-12,62,20,succesful_update,1.21,2024-01-15
707,MKL,2023-11-30,2024-01-12,62,20,succesful_update,1.09,2024-01-15
708,MKSI,2023-11-30,2024-01-12,62,20,succesful_update,2.09,2024-01-15
709,MLHR,2021-10-05,1980-12-31,0,0,failed_no_data,1.17,2024-01-15
710,MLKN,2023-11-30,2024-01-12,62,20,succesful_update,1.11,2024-01-15
711,MLM,2023-11-30,2024-01-12,62,20,succesful_update,1.03,2024-01-15
712,MMC,2023-11-30,2024-01-12,62,20,succesful_update,1.13,2024-01-15
713,MMM,2023-11-30,2024-01-12,62,20,succesful_update,1.6,2024-01-15
714,MMS,2023-11-30,2024-01-12,62,20,succesful_update,1.68,2024-01-15
715,MNDT,2022-09-09,1980-12-31,0,0,failed_no_data,1.61,2024-01-15
716,MNST,2023-11-30,2024-01-12,62,20,succesful_update,1.61,2024-01-15
717,MOS,2023-11-30,2024-01-12,62,20,succesful_update,1.27,2024-01-15
718,MPC,2023-11-30,2024-01-12,62,20,succesful_update,1.18,2024-01-15
719,MPLN,2023-11-30,2024-01-12,62,20,succesful_update,1.05,2024-01-15
720,MPLX,2023-11-30,2024-01-12,62,20,succesful_update,1.14,2024-01-15
721,MPW,2023-11-30,2024-01-12,62,20,succesful_update,1.18,2024-01-15
722,MRK,2023-11-30,2024-01-12,62,20,succesful_update,1.03,2024-01-15
723,MRNA,2023-11-30,2024-01-12,62,20,succesful_update,1.05,2024-01-15
724,MRO,2023-11-30,2024-01-12,62,20,succesful_update,1.0,2024-01-15
725,MRVL,2023-11-30,2024-01-12,62,20,succesful_update,1.02,2024-01-15
726,MS,2023-11-30,2024-01-12,62,20,succesful_update,1.02,2024-01-15
727,MSFT,2023-11-30,2024-01-12,62,20,succesful_update,1.01,2024-01-15
728,MTB,2023-11-30,2024-01-12,62,20,succesful_update,1.08,2024-01-15
729,MTDR,2023-11-30,2024-01-12,62,20,succesful_update,1.04,2024-01-15
730,MTH,2023-11-30,2024-01-12,62,20,succesful_update,1.09,2024-01-15
731,MTN,2023-11-30,2024-01-12,62,20,succesful_update,1.03,2024-01-15
732,MTX,2023-11-30,2024-01-12,62,20,succesful_update,1.07,2024-01-15
733,MTZ,2023-11-30,2024-01-12,62,20,succesful_update,1.03,2024-01-15
734,MU,2023-11-30,2024-01-12,62,20,succesful_update,1.02,2024-01-15
735,MUR,2023-11-30,2024-01-12,62,20,succesful_update,1.03,2024-01-15
736,NAVI,2023-11-30,2024-01-12,62,20,succesful_update,1.03,2024-01-15
737,NBR,2023-11-30,2024-01-12,62,20,succesful_update,1.04,2024-01-15
738,NCLH,2023-11-30,2024-01-12,62,20,succesful_update,1.04,2024-01-15
739,NCR,2023-08-31,1980-12-31,0,0,failed_no_data,0.84,2024-01-15
740,NDAQ,2023-11-30,2024-01-12,62,20,succesful_update,1.02,2024-01-15
741,NDSN,2023-11-30,2024-01-12,62,20,succesful_update,1.02,2024-01-15
742,NEE,2023-11-30,2024-01-12,62,20,succesful_update,1.06,2024-01-15
743,NEM,2023-11-30,2024-01-12,62,20,succesful_update,1.01,2024-01-15
744,NEP,2023-11-30,2024-01-12,62,20,succesful_update,1.04,2024-01-15
745,NFG,2023-11-30,2024-01-12,62,20,succesful_update,1.03,2024-01-15
746,NFLX,2023-11-30,2024-01-12,62,20,succesful_update,1.06,2024-01-15
747,NI,2023-11-30,2024-01-12,62,20,succesful_update,1.08,2024-01-15
748,NIMC,2023-11-30,2023-11-30,33,0,succesful_update,1.0,2024-01-15
749,NJR,2023-11-30,2024-01-12,62,20,succesful_update,1.03,2024-01-15
750,NKE,2023-11-30,2024-01-12,62,20,succesful_update,1.05,2024-01-15
751,NLSN,2022-10-11,1980-12-31,0,0,failed_no_data,0.96,2024-01-15
752,NLY,2023-11-30,2024-01-12,62,20,succesful_update,1.02,2024-01-15
753,NMRK,2023-11-30,2024-01-12,62,20,succesful_update,1.03,2024-01-15
754,NNI,2023-11-30,2024-01-12,62,20,succesful_update,1.02,2024-01-15
755,NNN,2023-11-30,2024-01-12,62,20,succesful_update,1.0,2024-01-15
756,NOC,2023-11-30,2024-01-12,62,20,succesful_update,1.02,2024-01-15
757,NOV,2023-11-30,2024-01-12,62,20,succesful_update,1.07,2024-01-15
758,NOW,2023-11-30,2024-01-12,62,20,succesful_update,1.02,2024-01-15
759,NRG,2023-11-30,2024-01-12,62,20,succesful_update,1.04,2024-01-15
760,NRZ,2022-08-01,1980-12-31,0,0,failed_no_data,0.83,2024-01-15
761,NS,2023-11-30,2024-01-12,62,20,succesful_update,1.02,2024-01-15
762,NSA,2023-11-30,2024-01-12,62,20,succesful_update,1.06,2024-01-15
763,NSC,2023-11-30,2024-01-12,62,20,succesful_update,1.06,2024-01-15
764,NSIT,2023-11-30,2024-01-12,62,20,succesful_update,1.05,2024-01-15
765,NSS,2023-11-30,2024-01-12,62,20,succesful_update,1.02,2024-01-15
766,NTAP,2023-11-30,2024-01-12,62,20,succesful_update,1.01,2024-01-15
767,NTCT,2023-11-30,2024-01-12,62,20,succesful_update,1.03,2024-01-15
768,NTRS,2023-11-30,2024-01-12,62,20,succesful_update,1.06,2024-01-15
769,NTRSO,2023-11-30,2024-01-12,62,20,succesful_update,1.02,2024-01-15
770,NUE,2023-11-30,2024-01-12,62,20,succesful_update,1.02,2024-01-15
771,NVDA,2023-11-30,2024-01-12,62,20,succesful_update,1.03,2024-01-15
772,NVR,2023-11-30,2024-01-12,62,20,succesful_update,1.22,2024-01-15
773,NVST,2023-11-30,2024-01-12,62,20,succesful_update,1.05,2024-01-15
774,NVT,2023-11-30,2024-01-12,62,20,succesful_update,1.16,2024-01-15
775,NWE,2023-11-30,2024-01-12,62,20,succesful_update,1.02,2024-01-15
776,NWL,2023-11-30,2024-01-12,62,20,succesful_update,1.08,2024-01-15
777,NWN,2023-11-30,2024-01-12,62,20,succesful_update,1.07,2024-01-15
778,NWS,2023-11-30,2024-01-12,62,20,succesful_update,1.02,2024-01-15
779,NWSA,2023-11-30,2024-01-12,62,20,succesful_update,1.02,2024-01-15
780,NXPI,2023-11-30,2024-01-12,62,20,succesful_update,1.02,2024-01-15
781,NXST,2023-11-30,2024-01-12,62,20,succesful_update,1.04,2024-01-15
782,NYCB,2023-11-30,2024-01-12,62,20,succesful_update,1.04,2024-01-15
783,NYMT,2023-11-30,2024-01-12,62,20,succesful_update,1.0,2024-01-15
784,NYMTL,2023-11-30,2024-01-12,61,20,succesful_update,1.02,2024-01-15
785,NYMTM,2023-11-30,2024-01-12,62,20,succesful_update,1.0,2024-01-15
786,NYMTN,2023-11-30,2024-01-12,62,20,succesful_update,1.02,2024-01-15
787,NYMTP,2021-12-17,1980-12-31,0,0,failed_no_data,1.29,2024-01-15
788,NYT,2023-11-30,2024-01-12,62,20,succesful_update,1.03,2024-01-15
789,O,2023-11-30,2024-01-12,62,20,succesful_update,1.05,2024-01-15
790,OC,2023-11-30,2024-01-12,62,20,succesful_update,1.06,2024-01-15
791,ODFL,2023-11-30,2024-01-12,62,20,succesful_update,1.01,2024-01-15
792,ODP,2023-11-30,2024-01-12,62,20,succesful_update,1.05,2024-01-15
793,OFC,2023-08-31,1980-12-31,0,0,failed_no_data,0.83,2024-01-15
794,OGCP,2023-11-29,2024-01-12,40,16,succesful_update,1.04,2024-01-15
795,OGE,2023-11-30,2024-01-12,62,20,succesful_update,1.1,2024-01-15
796,OGS,2023-11-30,2024-01-12,62,20,succesful_update,1.19,2024-01-15
797,OHI,2023-11-30,2024-01-12,62,20,succesful_update,1.04,2024-01-15
798,OI,2023-11-30,2024-01-12,62,20,succesful_update,1.05,2024-01-15
799,OKE,2023-11-30,2024-01-12,62,20,succesful_update,1.05,2024-01-15
800,OKTA,2023-11-30,2024-01-12,62,20,succesful_update,1.06,2024-01-15
801,OLN,2023-11-30,2024-01-12,62,20,succesful_update,1.05,2024-01-15
802,OMC,2023-11-30,2024-01-12,62,20,succesful_update,1.05,2024-01-15
803,OMF,2023-11-30,2024-01-12,62,20,succesful_update,1.04,2024-01-15
804,OMI,2023-11-30,2024-01-12,62,20,succesful_update,1.03,2024-01-15
805,ON,2023-11-30,2024-01-12,62,20,succesful_update,1.19,2024-01-15
806,ONB,2023-11-30,2024-01-12,62,20,succesful_update,1.04,2024-01-15
807,OPI,2023-11-30,2024-01-12,62,20,succesful_update,1.07,2024-01-15
808,OPK,2023-11-30,2024-01-12,62,20,succesful_update,1.08,2024-01-15
809,ORA,2023-11-30,2024-01-12,62,20,succesful_update,1.03,2024-01-15
810,ORCL,2023-11-30,2024-01-12,62,20,succesful_update,1.86,2024-01-15
811,ORI,2023-11-30,2024-01-12,62,20,succesful_update,1.02,2024-01-15
812,OSK,2023-11-30,2024-01-12,62,20,succesful_update,1.03,2024-01-15
813,OTEX,2023-11-30,2024-01-12,62,20,succesful_update,1.09,2024-01-15
814,OTTR,2023-11-30,2024-01-12,62,20,succesful_update,1.05,2024-01-15
815,OUT,2023-11-30,2024-01-12,62,20,succesful_update,1.02,2024-01-15
816,OVV,2023-11-30,2024-01-12,62,20,succesful_update,1.03,2024-01-15
817,OXY,2023-11-30,2024-01-12,62,20,succesful_update,1.03,2024-01-15
818,PAA,2023-11-30,2024-01-12,62,20,succesful_update,1.03,2024-01-15
819,PACW,2023-11-30,2023-11-30,33,0,succesful_update,1.0,2024-01-15
820,PAG,2023-11-30,2024-01-12,62,20,succesful_update,1.05,2024-01-15
821,PAGP,2023-11-30,2024-01-12,62,20,succesful_update,1.02,2024-01-15
822,PARA,2023-11-30,2024-01-12,62,20,succesful_update,1.06,2024-01-15
823,PAYC,2023-11-30,2024-01-12,62,20,succesful_update,1.06,2024-01-15
824,PAYX,2023-11-30,2024-01-12,62,20,succesful_update,1.05,2024-01-15
825,PB,2023-11-30,2024-01-12,62,20,succesful_update,1.04,2024-01-15
826,PBF,2023-11-30,2024-01-12,62,20,succesful_update,1.08,2024-01-15
827,PBH,2023-11-30,2024-01-12,62,20,succesful_update,1.05,2024-01-15
828,PCG,2023-11-30,2024-01-12,62,20,succesful_update,1.05,2024-01-15
829,PCGU,2023-08-15,1980-12-31,0,0,failed_no_data,0.95,2024-01-15
830,PCH,2023-11-30,2024-01-12,62,20,succesful_update,1.01,2024-01-15
831,PDCE,2023-08-04,1980-12-31,0,0,failed_no_data,0.95,2024-01-15
832,PDM,2023-11-30,2024-01-12,62,20,succesful_update,1.05,2024-01-15
833,PEAK,2023-11-30,2024-01-12,62,20,succesful_update,1.03,2024-01-15
834,PEB,2023-11-30,2024-01-12,62,20,succesful_update,1.04,2024-01-15
835,PEG,2023-11-30,2024-01-12,62,20,succesful_update,1.03,2024-01-15
836,PENN,2023-11-30,2024-01-12,62,20,succesful_update,1.01,2024-01-15
837,PEP,2023-11-30,2024-01-12,62,20,succesful_update,1.02,2024-01-15
838,PFE,2023-11-30,2024-01-12,62,20,succesful_update,1.04,2024-01-15
839,PFG,2023-11-30,2024-01-12,62,20,succesful_update,1.02,2024-01-15
840,PFGC,2023-11-30,2024-01-12,62,20,succesful_update,1.06,2024-01-15
841,PFH,2023-11-30,2024-01-12,62,20,succesful_update,1.03,2024-01-15
842,PFSI,2023-11-30,2024-01-12,62,20,succesful_update,1.04,2024-01-15
843,PG,2023-11-30,2024-01-12,62,20,succesful_update,1.02,2024-01-15
844,PGR,2023-11-30,2024-01-12,62,20,succesful_update,1.02,2024-01-15
845,PGRE,2023-11-30,2024-01-12,62,20,succesful_update,1.01,2024-01-15
846,PH,2023-11-30,2024-01-12,62,20,succesful_update,1.01,2024-01-15
847,PHM,2023-11-30,2024-01-12,62,20,succesful_update,1.01,2024-01-15
848,PII,2023-11-30,2024-01-12,62,20,succesful_update,1.04,2024-01-15
849,PINC,2023-11-30,2024-01-12,62,20,succesful_update,1.01,2024-01-15
850,PINS,2023-11-30,2024-01-12,62,20,succesful_update,1.03,2024-01-15
851,PK,2023-11-30,2024-01-12,62,20,succesful_update,1.05,2024-01-15
852,PKG,2023-11-30,2024-01-12,62,20,succesful_update,1.04,2024-01-15
853,PKI,2023-05-15,1980-12-31,0,0,failed_no_data,0.97,2024-01-15
854,PLD,2023-11-30,2024-01-12,62,20,succesful_update,1.02,2024-01-15
855,PNC,2023-11-30,2024-01-12,62,20,succesful_update,1.0,2024-01-15
856,PNFP,2023-11-30,2024-01-12,62,20,succesful_update,1.02,2024-01-15
857,PNFPP,2023-11-30,2024-01-12,62,20,succesful_update,1.08,2024-01-15
858,PNM,2023-11-30,2024-01-12,62,20,succesful_update,1.03,2024-01-15
859,PNR,2023-11-30,2024-01-12,62,20,succesful_update,1.03,2024-01-15
860,PNW,2023-11-30,2024-01-12,62,20,succesful_update,1.0,2024-01-15
861,POL,2023-11-30,2024-01-12,62,20,succesful_update,1.02,2024-01-15
862,POOL,2023-11-30,2024-01-12,62,20,succesful_update,1.0,2024-01-15
863,POR,2023-11-30,2024-01-12,62,20,succesful_update,1.02,2024-01-15
864,POST,2023-11-30,2024-01-12,62,20,succesful_update,1.14,2024-01-15
865,PPBI,2023-11-30,2024-01-12,62,20,succesful_update,1.02,2024-01-15
866,PPC,2023-11-30,2024-01-12,62,20,succesful_update,1.03,2024-01-15
867,PPG,2023-11-30,2024-01-12,62,20,succesful_update,1.04,2024-01-15
868,PPL,2023-11-30,2024-01-12,62,20,succesful_update,1.03,2024-01-15
869,PR,2023-11-30,2024-01-12,62,20,succesful_update,1.01,2024-01-15
870,PRAA,2023-11-30,2024-01-12,62,20,succesful_update,1.04,2024-01-15
871,PRGO,2023-11-30,2024-01-12,62,20,succesful_update,1.02,2024-01-15
872,PRMW,2023-11-30,2024-01-12,62,20,succesful_update,1.09,2024-01-15
873,PRU,2023-11-30,2024-01-12,62,20,succesful_update,1.19,2024-01-15
874,PSA,2023-11-30,2024-01-12,62,20,succesful_update,1.34,2024-01-15
875,PSB,2022-07-19,1980-12-31,0,0,failed_no_data,0.98,2024-01-15
876,PSN,2023-11-30,2024-01-12,62,20,succesful_update,1.02,2024-01-15
877,PSX,2023-11-30,2024-01-12,62,20,succesful_update,1.03,2024-01-15
878,PTC,2023-11-30,2024-01-12,62,20,succesful_update,1.04,2024-01-15
879,PTEN,2023-11-30,2024-01-12,62,20,succesful_update,1.01,2024-01-15
880,PVH,2023-11-30,2024-01-12,62,20,succesful_update,1.03,2024-01-15
881,PWR,2023-11-30,2024-01-12,62,20,succesful_update,1.06,2024-01-15
882,PXD,2023-11-30,2024-01-12,62,20,succesful_update,1.19,2024-01-15
883,PYPL,2023-11-30,2024-01-12,62,20,succesful_update,1.14,2024-01-15
884,QCOM,2023-11-30,2024-01-12,62,20,succesful_update,1.07,2024-01-15
885,QRTEA,2023-11-30,2024-01-12,62,20,succesful_update,1.04,2024-01-15
886,QRTEB,2023-11-30,2024-01-12,62,20,succesful_update,1.13,2024-01-15
887,QRTEP,2023-11-30,2024-01-12,62,20,succesful_update,1.03,2024-01-15
888,QRVO,2023-11-30,2024-01-12,62,20,succesful_update,1.02,2024-01-15
889,QSR,2023-11-30,2024-01-12,62,20,succesful_update,1.05,2024-01-15
890,R,2023-11-30,2024-01-12,62,20,succesful_update,1.06,2024-01-15
891,RBC,2023-11-30,2024-01-12,62,20,succesful_update,1.47,2024-01-15
892,RBC,2023-11-30,1980-12-31,62,20,failed_push_to_db,1.2,2024-01-15
893,RC,2023-11-30,2024-01-12,62,20,succesful_update,1.02,2024-01-15
894,RCL,2023-11-30,2024-01-12,62,20,succesful_update,1.04,2024-01-15
895,RE,2023-07-07,1980-12-31,0,0,failed_no_data,0.83,2024-01-15
896,REG,2023-11-30,2024-01-12,62,20,succesful_update,1.1,2024-01-15
897,REGN,2023-11-30,2024-01-12,62,20,succesful_update,1.05,2024-01-15
898,REXR,2023-11-30,2024-01-12,62,20,succesful_update,1.61,2024-01-15
899,REZI,2023-11-30,2024-01-12,62,20,succesful_update,1.05,2024-01-15
900,RF,2023-11-30,2024-01-12,62,20,succesful_update,1.18,2024-01-15
901,RGA,2023-11-30,2024-01-12,62,20,succesful_update,1.08,2024-01-15
902,RGEN,2023-11-30,2024-01-12,62,20,succesful_update,1.02,2024-01-15
903,RGLD,2023-11-30,2024-01-12,62,20,succesful_update,1.02,2024-01-15
904,RH,2023-11-30,2024-01-12,62,20,succesful_update,1.01,2024-01-15
905,RHI,2023-11-30,2024-01-12,62,20,succesful_update,1.06,2024-01-15
906,RIG,2023-11-30,2024-01-12,62,20,succesful_update,1.02,2024-01-15
907,RJF,2023-11-30,2024-01-12,62,20,succesful_update,1.22,2024-01-15
908,RL,2023-11-30,2024-01-12,62,20,succesful_update,1.12,2024-01-15
909,RLGY,2022-05-31,1980-12-31,0,0,failed_no_data,1.46,2024-01-15
910,RLJ,2023-11-30,2024-01-12,62,20,succesful_update,1.38,2024-01-15
911,RMD,2023-11-30,2024-01-12,62,20,succesful_update,1.09,2024-01-15
912,RNR,2023-11-30,2024-01-12,62,20,succesful_update,1.03,2024-01-15
913,ROIC,2023-11-30,2024-01-12,62,20,succesful_update,1.01,2024-01-15
914,ROK,2023-11-30,2024-01-12,62,20,succesful_update,1.01,2024-01-15
915,ROKU,2023-11-30,2024-01-12,62,20,succesful_update,1.25,2024-01-15
916,ROLL,2021-12-02,1980-12-31,0,0,failed_no_data,0.96,2024-01-15
917,ROP,2023-11-30,2024-01-12,62,20,succesful_update,1.02,2024-01-15
918,ROST,2023-11-30,2024-01-12,62,20,succesful_update,1.04,2024-01-15
919,RPM,2023-11-30,2024-01-12,62,20,succesful_update,1.02,2024-01-15
920,RRC,2023-11-30,2024-01-12,62,20,succesful_update,1.03,2024-01-15
921,RRX,2023-11-30,2024-01-12,62,20,succesful_update,1.02,2024-01-15
922,RS,2023-11-30,2024-01-12,62,20,succesful_update,1.86,2024-01-15
923,RSG,2023-11-30,2024-01-12,62,20,succesful_update,1.73,2024-01-15
924,RTX,2023-11-30,2024-01-12,62,20,succesful_update,1.41,2024-01-15
925,RUN,2023-11-30,2024-01-12,62,20,succesful_update,1.11,2024-01-15
926,RUSHA,2023-11-30,2024-01-12,62,20,succesful_update,1.48,2024-01-15
927,RUSHB,2023-11-30,2024-01-12,62,20,succesful_update,1.09,2024-01-15
928,RWT,2023-11-30,2024-01-12,62,20,succesful_update,1.02,2024-01-15
929,RXT,2023-11-30,2024-01-12,62,20,succesful_update,1.05,2024-01-15
930,RYN,2023-11-30,2024-01-12,62,20,succesful_update,1.03,2024-01-15
931,RZA,2022-12-14,1980-12-31,0,0,failed_no_data,1.01,2024-01-15
932,RZB,2023-11-30,2024-01-12,62,20,succesful_update,1.05,2024-01-15
933,SAFE,2023-11-30,2024-01-12,62,20,succesful_update,1.05,2024-01-15
934,SAH,2023-11-30,2024-01-12,62,20,succesful_update,1.41,2024-01-15
935,SAIC,2023-11-30,2024-01-12,62,20,succesful_update,1.52,2024-01-15
936,SANM,2023-11-30,2024-01-12,62,20,succesful_update,1.24,2024-01-15
937,SATS,2023-11-30,2024-01-12,62,20,succesful_update,1.32,2024-01-15
938,SAVE,2023-11-30,2024-01-12,62,20,succesful_update,1.03,2024-01-15
939,SBGI,2023-11-30,2024-01-12,62,20,succesful_update,1.04,2024-01-15
940,SBRA,2023-11-30,2024-01-12,62,20,succesful_update,1.02,2024-01-15
941,SCCO,2023-11-30,2024-01-12,62,20,succesful_update,1.02,2024-01-15
942,SCHW,2023-11-30,2024-01-12,62,20,succesful_update,1.0,2024-01-15
943,SCI,2023-11-30,2024-01-12,62,20,succesful_update,1.03,2024-01-15
944,SEB,2023-11-30,2024-01-12,62,20,succesful_update,1.01,2024-01-15
945,SEDG,2023-11-30,2024-01-12,62,20,succesful_update,1.01,2024-01-15
946,SEM,2023-11-30,2024-01-12,62,20,succesful_update,1.08,2024-01-15
947,SERV,2021-12-03,1980-12-31,0,0,failed_no_data,1.01,2024-01-15
948,SF,2023-11-30,2024-01-12,62,20,succesful_update,1.37,2024-01-15
949,SFB,2023-11-30,2024-01-12,62,20,succesful_update,1.5,2024-01-15
950,SFNC,2023-11-30,2024-01-12,62,20,succesful_update,1.53,2024-01-15
951,SGEN,2023-11-30,2023-12-13,42,9,succesful_update,1.54,2024-01-15
952,SGMS,2021-12-03,1980-12-31,0,0,failed_no_data,0.87,2024-01-15
953,SGRY,2023-11-30,2024-01-12,62,20,succesful_update,1.01,2024-01-15
954,SHO,2023-11-30,2024-01-12,62,20,succesful_update,1.03,2024-01-15
955,SHW,2023-11-30,2024-01-12,62,20,succesful_update,1.03,2024-01-15
956,SIG,2023-11-30,2024-01-12,62,20,succesful_update,1.01,2024-01-15
957,SITC,2023-11-30,2024-01-12,62,20,succesful_update,1.07,2024-01-15
958,SIVB,2023-03-09,1980-12-31,0,0,failed_no_data,0.96,2024-01-15
959,SIVBP,2023-03-09,1980-12-31,0,0,failed_no_data,1.0,2024-01-15
960,SJI,2023-01-31,1980-12-31,0,0,failed_no_data,0.96,2024-01-15
961,SJIV,2023-02-16,1980-12-31,0,0,failed_no_data,0.96,2024-01-15
962,SJM,2023-11-30,2024-01-12,62,20,succesful_update,1.03,2024-01-15
963,SKX,2023-11-30,2024-01-12,62,20,succesful_update,1.04,2024-01-15
964,SKYW,2023-11-30,2024-01-12,62,20,succesful_update,1.22,2024-01-15
965,SLAB,2023-11-30,2024-01-12,62,20,succesful_update,1.05,2024-01-15
966,SLB,2023-11-30,2024-01-12,62,20,succesful_update,1.09,2024-01-15
967,SLG,2023-11-30,2024-01-12,62,20,succesful_update,1.21,2024-01-15
968,SLGN,2023-11-30,2024-01-12,62,20,succesful_update,1.09,2024-01-15
969,SLM,2023-11-30,2024-01-12,62,20,succesful_update,1.41,2024-01-15
970,SLMBP,2023-11-30,2024-01-12,62,20,succesful_update,1.09,2024-01-15
971,SM,2023-11-30,2024-01-12,62,20,succesful_update,1.08,2024-01-15
972,SMCI,2023-11-30,2024-01-12,62,20,succesful_update,1.15,2024-01-15
973,SNA,2023-11-30,2024-01-12,62,20,succesful_update,1.05,2024-01-15
974,SNAP,2023-11-30,2024-01-12,62,20,succesful_update,1.16,2024-01-15
975,SNDR,2023-11-30,2024-01-12,62,20,succesful_update,1.06,2024-01-15
976,SNPS,2023-11-30,2024-01-12,62,20,succesful_update,1.08,2024-01-15
977,SNV,2023-11-30,2024-01-12,62,20,succesful_update,1.05,2024-01-15
978,SNX,2023-11-30,2024-01-12,62,20,succesful_update,1.08,2024-01-15
979,SO,2023-11-30,2024-01-12,62,20,succesful_update,1.15,2024-01-15
980,SOJC,2023-11-30,2024-01-12,62,20,succesful_update,1.05,2024-01-15
981,SOJD,2022-12-28,1980-12-31,0,0,failed_no_data,1.03,2024-01-15
982,SON,2023-11-30,2024-01-12,62,20,succesful_update,1.08,2024-01-15
983,SPB,2023-11-30,2024-01-12,62,20,succesful_update,1.02,2024-01-15
984,SPG,2023-11-30,2024-01-12,62,20,succesful_update,1.01,2024-01-15
985,SPGI,2023-11-30,2024-01-12,62,20,succesful_update,1.03,2024-01-15
986,SQ,2023-11-30,2024-01-12,62,20,succesful_update,1.02,2024-01-15
987,SR,2023-11-30,2024-01-12,62,20,succesful_update,1.03,2024-01-15
988,SRC,2023-11-30,2024-01-12,62,20,succesful_update,1.02,2024-01-15
989,SRCL,2023-11-30,2024-01-12,62,20,succesful_update,1.01,2024-01-15
990,SRE,2023-11-30,2024-01-12,62,20,succesful_update,1.27,2024-01-15
991,SREA,2023-11-30,2024-01-12,62,20,succesful_update,1.04,2024-01-15
992,SSB,2023-11-30,2024-01-12,62,20,succesful_update,1.07,2024-01-15
993,SSNC,2023-11-30,2024-01-12,62,20,succesful_update,1.06,2024-01-15
994,SSP,2023-11-30,2024-01-12,62,20,succesful_update,1.02,2024-01-15
995,ST,2023-11-30,2024-01-12,62,20,succesful_update,1.08,2024-01-15
996,STAG,2023-11-30,2024-01-12,62,20,succesful_update,1.01,2024-01-15
997,STAR,2023-03-30,1980-12-31,0,0,failed_no_data,0.95,2024-01-15
998,STE,2023-11-30,2024-01-12,62,20,succesful_update,1.04,2024-01-15
999,STLD,2023-11-30,2024-01-12,62,20,succesful_update,1.02,2024-01-15
1000,STOR,2023-02-02,1980-12-31,0,0,failed_no_data,0.98,2024-01-15
1001,STT,2023-11-30,2024-01-12,62,20,succesful_update,1.02,2024-01-15
1002,STWD,2023-11-30,2024-01-12,62,20,succesful_update,1.05,2024-01-15
1003,SUI,2023-11-30,2024-01-12,62,20,succesful_update,1.03,2024-01-15
1004,SUM,2023-11-30,2024-01-12,62,20,succesful_update,1.02,2024-01-15
1005,SUN,2023-11-30,2024-01-12,62,20,succesful_update,1.08,2024-01-15
1006,SVC,2023-11-30,2024-01-12,62,20,succesful_update,1.02,2024-01-15
1007,SWI,2023-11-30,2024-01-12,62,20,succesful_update,1.0,2024-01-15
1008,SWK,2023-11-30,2024-01-12,62,20,succesful_update,1.03,2024-01-15
1009,SWKS,2023-11-30,2024-01-12,62,20,succesful_update,1.02,2024-01-15
1010,SWN,2023-11-30,2024-01-12,62,20,succesful_update,1.04,2024-01-15
1011,SWT,2022-11-14,1980-12-31,0,0,failed_no_data,0.94,2024-01-15
1012,SWX,2023-11-30,2024-01-12,62,20,succesful_update,1.01,2024-01-15
1013,SYF,2023-11-30,2024-01-12,62,20,succesful_update,1.01,2024-01-15
1014,SYK,2023-11-30,2024-01-12,62,20,succesful_update,1.04,2024-01-15
1015,SYNH,2023-09-27,1980-12-31,0,0,failed_no_data,0.98,2024-01-15
1016,SYY,2023-11-30,2024-01-12,62,20,succesful_update,1.03,2024-01-15
1017,T,2023-11-30,2024-01-12,62,20,succesful_update,1.02,2024-01-15
1018,TAP,2023-11-30,2024-01-12,62,20,succesful_update,1.02,2024-01-15
1019,TBB,2023-11-30,2024-01-12,62,20,succesful_update,1.0,2024-01-15
1020,TBC,2023-11-30,2024-01-12,62,20,succesful_update,1.06,2024-01-15
1021,TCBI,2023-11-30,2024-01-12,62,20,succesful_update,1.02,2024-01-15
1022,TCBIO,2023-11-30,2024-01-12,62,20,succesful_update,1.02,2024-01-15
1023,TDOC,2023-11-30,2024-01-12,62,20,succesful_update,1.04,2024-01-15
1024,TDS,2023-11-30,2024-01-12,62,20,succesful_update,1.01,2024-01-15
1025,TDY,2023-11-30,2024-01-12,62,20,succesful_update,1.02,2024-01-15
1026,TECH,2023-11-30,2024-01-12,62,20,succesful_update,1.02,2024-01-15
1027,TEL,2023-11-30,2024-01-12,62,20,succesful_update,1.01,2024-01-15
1028,TER,2023-11-30,2024-01-12,62,20,succesful_update,1.01,2024-01-15
1029,TEVA,2023-11-30,2024-01-12,62,20,succesful_update,1.03,2024-01-15
1030,TFC,2023-11-30,2024-01-12,62,20,succesful_update,1.04,2024-01-15
1031,TFX,2023-11-30,2024-01-12,62,20,succesful_update,1.05,2024-01-15
1032,TGNA,2023-11-30,2024-01-12,62,20,succesful_update,1.04,2024-01-15
1033,TGT,2023-11-30,2024-01-12,62,20,succesful_update,1.02,2024-01-15
1034,THC,2023-11-30,2024-01-12,62,20,succesful_update,1.03,2024-01-15
1035,THO,2023-11-30,2024-01-12,62,20,succesful_update,1.03,2024-01-15
1036,THS,2023-11-30,2024-01-12,62,20,succesful_update,1.02,2024-01-15
1037,TJX,2023-11-30,2024-01-12,62,20,succesful_update,1.02,2024-01-15
1038,TKR,2023-11-30,2024-01-12,62,20,succesful_update,1.02,2024-01-15
1039,TLRY,2023-11-30,2024-01-12,62,20,succesful_update,1.01,2024-01-15
1040,TMHC,2023-11-30,2024-01-12,62,20,succesful_update,1.06,2024-01-15
1041,TMO,2023-11-30,2024-01-12,62,20,succesful_update,1.03,2024-01-15
1042,TMUS,2023-11-30,2024-01-12,62,20,succesful_update,1.02,2024-01-15
1043,TMX,2022-10-11,1980-12-31,0,0,failed_no_data,0.98,2024-01-15
1044,TOL,2023-11-30,2024-01-12,62,20,succesful_update,1.04,2024-01-15
1045,TPH,2023-11-30,2024-01-12,62,20,succesful_update,1.12,2024-01-15
1046,TPR,2023-11-30,2024-01-12,62,20,succesful_update,1.13,2024-01-15
1047,TRGP,2023-11-30,2024-01-12,62,20,succesful_update,1.11,2024-01-15
1048,TRMB,2023-11-30,2024-01-12,62,20,succesful_update,1.01,2024-01-15
1049,TRN,2023-11-30,2024-01-12,62,20,succesful_update,1.05,2024-01-15
1050,TRNO,2023-11-30,2024-01-12,62,20,succesful_update,1.01,2024-01-15
1051,TROW,2023-11-30,2024-01-12,62,20,succesful_update,1.01,2024-01-15
1052,TROX,2023-11-30,2024-01-12,62,20,succesful_update,1.03,2024-01-15
1053,TRTN,2023-09-27,1980-12-31,0,0,failed_no_data,0.96,2024-01-15
1054,TRTX,2023-11-30,2024-01-12,62,20,succesful_update,1.01,2024-01-15
1055,TRU,2023-11-30,2024-01-12,62,20,succesful_update,1.02,2024-01-15
1056,TRV,2023-11-30,2024-01-12,62,20,succesful_update,1.03,2024-01-15
1057,TSCO,2023-11-30,2024-01-12,62,20,succesful_update,1.02,2024-01-15
1058,TSE,2023-11-30,2024-01-12,62,20,succesful_update,1.01,2024-01-15
1059,TSLA,2023-11-30,2024-01-12,62,20,succesful_update,1.01,2024-01-15
1060,TSN,2023-11-30,2024-01-12,62,20,succesful_update,1.02,2024-01-15
1061,TT,2023-11-30,2024-01-12,62,20,succesful_update,1.0,2024-01-15
1062,TTC,2023-11-30,2024-01-12,62,20,succesful_update,1.03,2024-01-15
1063,TTD,2023-11-30,2024-01-12,62,20,succesful_update,1.02,2024-01-15
1064,TTMI,2023-11-30,2024-01-12,62,20,succesful_update,1.01,2024-01-15
1065,TTWO,2023-11-30,2024-01-12,62,20,succesful_update,1.02,2024-01-15
1066,TWLO,2023-11-30,2024-01-12,62,20,succesful_update,1.01,2024-01-15
1067,TWNK,2023-11-06,2023-11-06,16,0,succesful_update,0.97,2024-01-15
1068,TWO,2023-11-30,2024-01-12,62,20,succesful_update,0.99,2024-01-15
1069,TWTR,2022-10-27,1980-12-31,0,0,failed_no_data,0.95,2024-01-15
1070,TXN,2023-11-30,2024-01-12,62,20,succesful_update,1.0,2024-01-15
1071,TXT,2023-11-30,2024-01-12,62,20,succesful_update,1.01,2024-01-15
1072,TYL,2023-11-30,2024-01-12,62,20,succesful_update,1.03,2024-01-15
1073,UA,2023-11-30,2024-01-12,62,20,succesful_update,1.06,2024-01-15
1074,UAA,2023-11-30,2024-01-12,62,20,succesful_update,1.01,2024-01-15
1075,UAL,2023-11-30,2024-01-12,62,20,succesful_update,1.02,2024-01-15
1076,UBER,2023-11-30,2024-01-12,62,20,succesful_update,1.01,2024-01-15
1077,UBSI,2023-11-30,2024-01-12,62,20,succesful_update,1.04,2024-01-15
1078,UDR,2023-11-30,2024-01-12,62,20,succesful_update,1.0,2024-01-15
1079,UFPI,2023-11-30,2024-01-12,62,20,succesful_update,1.04,2024-01-15
1080,UGI,2023-11-30,2024-01-12,62,20,succesful_update,1.04,2024-01-15
1081,UGIC,2023-11-30,2024-01-12,62,20,succesful_update,1.02,2024-01-15
1082,UHAL,2023-11-30,2024-01-12,62,20,succesful_update,1.02,2024-01-15
1083,UHS,2023-11-30,2024-01-12,62,20,succesful_update,1.01,2024-01-15
1084,ULTA,2023-11-30,2024-01-12,62,20,succesful_update,1.0,2024-01-15
1085,UMBF,2023-11-30,2024-01-12,62,20,succesful_update,1.08,2024-01-15
1086,UMPQ,2023-02-28,1980-12-31,0,0,failed_no_data,1.0,2024-01-15
1087,UNF,2023-11-30,2024-01-12,62,20,succesful_update,1.03,2024-01-15
1088,UNFI,2023-11-30,2024-01-12,62,20,succesful_update,1.01,2024-01-15
1089,UNH,2023-11-30,2024-01-12,62,20,succesful_update,1.03,2024-01-15
1090,UNM,2023-11-30,2024-01-12,62,20,succesful_update,1.05,2024-01-15
1091,UNMA,2023-11-30,2024-01-12,62,20,succesful_update,1.07,2024-01-15
1092,UNP,2023-11-30,2024-01-12,62,20,succesful_update,1.01,2024-01-15
1093,UNVR,2023-07-31,1980-12-31,0,0,failed_no_data,0.95,2024-01-15
1094,UPS,2023-11-30,2024-01-12,62,20,succesful_update,1.04,2024-01-15
1095,URBN,2023-11-30,2024-01-12,62,20,succesful_update,1.05,2024-01-15
1096,URI,2023-11-30,2024-01-12,62,20,succesful_update,1.02,2024-01-15
1097,USB,2023-11-30,2024-01-12,62,20,succesful_update,0.99,2024-01-15
1098,USFD,2023-11-30,2024-01-12,62,20,succesful_update,1.01,2024-01-15
1099,UTHR,2023-11-30,2024-01-12,62,20,succesful_update,1.01,2024-01-15
1100,UVV,2023-11-30,2024-01-12,62,20,succesful_update,1.04,2024-01-15
1101,V,2023-11-30,2024-01-12,62,20,succesful_update,1.02,2024-01-15
1102,VAC,2023-11-30,2024-01-12,62,20,succesful_update,1.03,2024-01-15
1103,VEEV,2023-11-30,2024-01-12,62,20,succesful_update,1.01,2024-01-15
1104,VFC,2023-11-30,2024-01-12,62,20,succesful_update,1.01,2024-01-15
1105,VIAC,2022-01-31,1980-12-31,0,0,failed_no_data,0.84,2024-01-15
1106,VIACA,2022-01-31,1980-12-31,0,0,failed_no_data,0.82,2024-01-15
1107,VIACP,2022-01-31,1980-12-31,0,0,failed_no_data,0.83,2024-01-15
1108,VICI,2023-11-30,2024-01-12,62,20,succesful_update,1.01,2024-01-15
1109,VIR,2023-11-30,2024-01-12,62,20,succesful_update,1.01,2024-01-15
1110,VLO,2023-11-30,2024-01-12,62,20,succesful_update,1.02,2024-01-15
1111,VLY,2023-11-30,2024-01-12,62,20,succesful_update,1.0,2024-01-15
1112,VLYPO,2023-11-30,2024-01-12,62,20,succesful_update,1.05,2024-01-15
1113,VLYPP,2023-11-30,2024-01-12,62,20,succesful_update,1.02,2024-01-15
1114,VMC,2023-11-30,2024-01-12,62,20,succesful_update,1.01,2024-01-15
1115,VMI,2023-11-30,2024-01-12,62,20,succesful_update,1.04,2024-01-15
1116,VMW,2023-11-21,2023-11-21,26,0,succesful_update,0.98,2024-01-15
1117,VNO,2023-11-30,2024-01-12,62,20,succesful_update,1.05,2024-01-15
1118,VNOM,2023-11-30,2024-01-12,62,20,succesful_update,1.0,2024-01-15
1119,VOYA,2023-11-30,2024-01-12,62,20,succesful_update,1.01,2024-01-15
1120,VRSK,2023-11-30,2024-01-12,62,20,succesful_update,1.01,2024-01-15
1121,VRTX,2023-11-30,2024-01-12,62,20,succesful_update,1.03,2024-01-15
1122,VSAT,2023-11-30,2024-01-12,62,20,succesful_update,1.02,2024-01-15
1123,VSH,2023-11-30,2024-01-12,62,20,succesful_update,1.02,2024-01-15
1124,VST,2023-11-30,2024-01-12,62,20,succesful_update,1.01,2024-01-15
1125,VTR,2023-11-30,2024-01-12,62,20,succesful_update,1.03,2024-01-15
1126,VZ,2023-11-30,2024-01-12,62,20,succesful_update,1.02,2024-01-15
1127,WAB,2023-11-30,2024-01-12,62,20,succesful_update,1.04,2024-01-15
1128,WAFD,2023-11-30,2024-01-12,62,20,succesful_update,1.02,2024-01-15
1129,WAL,2023-11-30,2024-01-12,62,20,succesful_update,1.01,2024-01-15
1130,WBD,2023-11-30,2024-01-12,62,20,succesful_update,1.04,2024-01-15
1131,WBS,2023-11-30,2024-01-12,62,20,succesful_update,1.0,2024-01-15
1132,WCC,2023-11-30,2024-01-12,62,20,succesful_update,1.03,2024-01-15
1133,WCN,2023-11-30,2024-01-12,62,20,succesful_update,1.04,2024-01-15
1134,WDAY,2023-11-30,2024-01-12,62,20,succesful_update,1.02,2024-01-15
1135,WDC,2023-11-30,2024-01-12,62,20,succesful_update,1.02,2024-01-15
1136,WEC,2023-11-30,2024-01-12,62,20,succesful_update,1.02,2024-01-15
1137,WELL,2023-11-30,2024-01-12,62,20,succesful_update,0.99,2024-01-15
1138,WERN,2023-11-30,2024-01-12,62,20,succesful_update,1.03,2024-01-15
1139,WES,2023-11-30,2024-01-12,62,20,succesful_update,1.02,2024-01-15
1140,WEX,2023-11-30,2024-01-12,62,20,succesful_update,1.06,2024-01-15
1141,WFC,2023-11-30,2024-01-12,62,20,succesful_update,1.02,2024-01-15
1142,WH,2023-11-30,2024-01-12,62,20,succesful_update,1.02,2024-01-15
1143,WHR,2023-11-30,2024-01-12,62,20,succesful_update,1.01,2024-01-15
1144,WLK,2023-11-30,2024-01-12,62,20,succesful_update,1.04,2024-01-15
1145,WLTW,2021-12-03,1980-12-31,0,0,failed_no_data,0.84,2024-01-15
1146,WM,2023-11-30,2024-01-12,62,20,succesful_update,1.03,2024-01-15
1147,WMB,2023-11-30,2024-01-12,62,20,succesful_update,1.06,2024-01-15
1148,WMT,2023-11-30,2024-01-12,62,20,succesful_update,1.02,2024-01-15
1149,WOLF,2023-11-30,2024-01-12,62,20,succesful_update,1.03,2024-01-15
1150,WOOF,2023-11-30,2024-01-12,62,20,succesful_update,1.04,2024-01-15
1151,WOR,2023-11-30,2024-01-12,62,20,succesful_update,1.04,2024-01-15
1152,WPC,2023-11-30,2024-01-12,62,20,succesful_update,1.02,2024-01-15
1153,WRB,2023-11-30,2024-01-12,62,20,succesful_update,1.0,2024-01-15
1154,WRK,2023-11-30,2024-01-12,62,20,succesful_update,1.08,2024-01-15
1155,WSBC,2023-11-30,2024-01-12,62,20,succesful_update,1.08,2024-01-15
1156,WSBCP,2023-11-30,2024-01-12,62,20,succesful_update,1.06,2024-01-15
1157,WSC,2023-11-30,2024-01-12,62,20,succesful_update,1.09,2024-01-15
1158,WSM,2023-11-30,2024-01-12,62,20,succesful_update,1.13,2024-01-15
1159,WSO,2023-11-30,2024-01-12,62,20,succesful_update,1.1,2024-01-15
1160,WST,2023-11-30,2024-01-12,62,20,succesful_update,1.06,2024-01-15
1161,WTFC,2023-11-30,2024-01-12,62,20,succesful_update,1.1,2024-01-15
1162,WTFCM,2023-11-30,2024-01-12,62,20,succesful_update,1.03,2024-01-15
1163,WTFCP,2023-11-30,2024-01-12,62,20,succesful_update,1.02,2024-01-15
1164,WTRG,2023-11-30,2024-01-12,62,20,succesful_update,1.04,2024-01-15
1165,WTRU,2022-03-31,1980-12-31,0,0,failed_no_data,0.98,2024-01-15
1166,WTW,2023-11-30,2024-01-12,62,20,succesful_update,1.06,2024-01-15
1167,WU,2023-11-30,2024-01-12,62,20,succesful_update,1.14,2024-01-15
1168,WWD,2023-11-30,2024-01-12,62,20,succesful_update,1.02,2024-01-15
1169,WY,2023-11-30,2024-01-12,62,20,succesful_update,1.04,2024-01-15
1170,X,2023-11-30,2024-01-12,62,20,succesful_update,1.02,2024-01-15
1171,XEL,2023-11-30,2024-01-12,62,20,succesful_update,0.99,2024-01-15
1172,XHR,2023-11-30,2024-01-12,62,20,succesful_update,1.02,2024-01-15
1173,XOM,2023-11-30,2024-01-12,62,20,succesful_update,1.04,2024-01-15
1174,XPO,2023-11-30,2024-01-12,62,20,succesful_update,1.03,2024-01-15
1175,XRX,2023-11-30,2024-01-12,62,20,succesful_update,1.01,2024-01-15
1176,XYL,2023-11-30,2024-01-12,62,20,succesful_update,1.03,2024-01-15
1177,Y,2022-10-18,1980-12-31,0,0,failed_no_data,1.01,2024-01-15
1178,YUMC,2023-11-30,2024-01-12,62,20,succesful_update,1.15,2024-01-15
1179,Z,2023-11-30,2024-01-12,62,20,succesful_update,1.09,2024-01-15
1180,ZBH,2023-11-30,2024-01-12,62,20,succesful_update,1.02,2024-01-15
1181,ZBRA,2023-11-30,2024-01-12,62,20,succesful_update,1.03,2024-01-15
1182,ZD,2023-11-30,2024-01-12,62,20,succesful_update,1.06,2024-01-15
1183,ZG,2023-11-30,2024-01-12,62,20,succesful_update,1.04,2024-01-15
1184,ZI,2023-11-30,2024-01-12,62,20,succesful_update,1.08,2024-01-15
1185,ZION,2023-11-30,2024-01-12,62,20,succesful_update,1.08,2024-01-15
1186,ZIONL,2023-11-30,2024-01-12,62,20,succesful_update,1.05,2024-01-15
1187,ZIONO,2023-11-30,2024-01-12,62,20,succesful_update,1.03,2024-01-15
1188,ZIONP,2023-11-30,2024-01-12,60,19,succesful_update,1.03,2024-01-15
1189,ZM,2023-11-30,2024-01-12,62,20,succesful_update,1.04,2024-01-15
1190,ZTS,2023-11-30,2024-01-12,62,20,succesful_update,1.03,2024-01-15
1191,GSAH,1980-12-31,1980-12-31,0,0,failed_no_data,0.89,2024-01-15
1192,DISHR,1980-12-31,1980-12-31,0,0,failed_no_data,0.98,2024-01-15
1193,PRS,1980-12-31,1980-12-31,0,0,failed_no_data,0.94,2024-01-15
1194,LGF-B,1980-12-31,1980-12-31,0,0,failed_no_data,0.83,2024-01-15
1195,BF-B,1980-12-31,1980-12-31,0,0,failed_no_data,0.82,2024-01-15
1196,GEF-B,1980-12-31,1980-12-31,0,0,failed_no_data,0.83,2024-01-15
1197,DHCNI,1980-12-31,1980-12-31,0,0,failed_no_data,0.96,2024-01-15
1198,MOG-B,1980-12-31,1980-12-31,0,0,failed_no_data,0.83,2024-01-15
1199,SOJE,1980-12-31,1980-12-31,27,27,failed_push_to_db,1.01,2024-01-15
